Mode,Start_Time,Animal,Unit,Weight
1,2025-07-21 00:03:39.178665,19644148217,3,25.52
1,2025-07-21 00:03:39.382667,19644148217,3,25.85
1,2025-07-21 00:03:39.585450,19644148217,3,20.54
1,2025-07-21 00:03:39.789362,19644148217,3,15.12
1,2025-07-21 00:03:39.992047,19644148217,3,7.94
1,2025-07-21 00:03:40.196029,19644148217,3,4.32
1,2025-07-21 00:03:40.399860,19644148217,3,1.53
1,2025-07-21 00:03:40.603389,19644148217,3,-0.16
1,2025-07-21 00:03:40.806030,19644148217,3,-0.02
1,2025-07-21 00:03:41.010006,19644148217,3,1.29
1,2025-07-21 00:04:04.536363,19647186244,3,26.01
1,2025-07-21 00:04:04.739062,19647186244,3,26.53
1,2025-07-21 00:04:04.941771,19647186244,3,11.28
1,2025-07-21 00:04:05.145571,19647186244,3,8.2
1,2025-07-21 00:04:05.350257,19647186244,3,5.44
1,2025-07-21 00:04:05.553858,19647186244,3,1.03
1,2025-07-21 00:04:05.757365,19647186244,3,0.79
1,2025-07-21 00:04:05.960432,19647186244,3,1.27
1,2025-07-21 00:04:06.163139,19647186244,3,0.25
1,2025-07-21 00:04:06.366180,19647186244,3,0.15
1,2025-07-21 00:04:57.890576,1111111151150,3,28.17
1,2025-07-21 00:04:58.094464,1111111151150,3,29.01
1,2025-07-21 00:04:58.297398,1111111151150,3,29.03
1,2025-07-21 00:04:58.500669,1111111151150,3,28.7
1,2025-07-21 00:04:58.704014,1111111151150,3,28.8
1,2025-07-21 00:04:58.906642,1111111151150,3,29.03
1,2025-07-21 00:04:59.110352,1111111151150,3,29.11
1,2025-07-21 00:04:59.313954,1111111151150,3,29.13
1,2025-07-21 00:04:59.517697,1111111151150,3,28.86
1,2025-07-21 00:04:59.721155,1111111151150,3,29.44
1,2025-07-21 00:05:00.242635,1111111151150,3,28.47
1,2025-07-21 00:05:00.446394,1111111151150,3,25.19
1,2025-07-21 00:05:00.650142,1111111151150,3,25.25
1,2025-07-21 00:05:00.853329,1111111151150,3,18.14
1,2025-07-21 00:05:01.057394,1111111151150,3,14.75
1,2025-07-21 00:05:01.260979,1111111151150,3,13.18
1,2025-07-21 00:05:01.464401,1111111151150,3,2.76
1,2025-07-21 00:05:01.667867,1111111151150,3,-1.09
1,2025-07-21 00:05:01.871266,1111111151150,3,-0.27
1,2025-07-21 00:05:02.076254,1111111151150,3,0.56
1,2025-07-21 00:08:06.398453,19647186244,3,25.76
1,2025-07-21 00:08:06.602228,19647186244,3,27.41
1,2025-07-21 00:08:06.805754,19647186244,3,14.23
1,2025-07-21 00:08:07.009182,19647186244,3,11.11
1,2025-07-21 00:08:07.212687,19647186244,3,4.77
1,2025-07-21 00:08:07.416131,19647186244,3,2.86
1,2025-07-21 00:08:07.619550,19647186244,3,0.34
1,2025-07-21 00:08:07.822975,19647186244,3,0.45
1,2025-07-21 00:08:08.027269,19647186244,3,0.27
1,2025-07-21 00:08:08.230576,19647186244,3,0.21
1,2025-07-21 00:08:26.403755,1111110252252,3,26.5
1,2025-07-21 00:08:26.607560,1111110252252,3,25.83
1,2025-07-21 00:08:26.811101,1111110252252,3,25.77
1,2025-07-21 00:08:27.014935,1111110252252,3,23.21
1,2025-07-21 00:08:27.217714,1111110252252,3,12.4
1,2025-07-21 00:08:27.420616,1111110252252,3,12.17
1,2025-07-21 00:08:27.623502,1111110252252,3,9.65
1,2025-07-21 00:08:27.826139,1111110252252,3,3.86
1,2025-07-21 00:08:28.028853,1111110252252,3,2.57
1,2025-07-21 00:08:28.231711,1111110252252,3,-0.1
1,2025-07-21 00:08:39.551240,19645782,3,25.62
1,2025-07-21 00:08:39.754029,19645782,3,26.08
1,2025-07-21 00:08:39.956724,19645782,3,26.81
1,2025-07-21 00:08:40.159570,19645782,3,26.58
1,2025-07-21 00:08:40.362674,19645782,3,26.79
1,2025-07-21 00:08:40.565899,19645782,3,27.51
1,2025-07-21 00:08:40.768954,19645782,3,27.91
1,2025-07-21 00:08:40.971955,19645782,3,28.22
1,2025-07-21 00:08:41.175739,19645782,3,25.81
1,2025-07-21 00:08:41.382262,19645782,3,25.66
1,2025-07-21 00:09:31.618948,196471892,3,27.02
1,2025-07-21 00:09:31.821510,196471892,3,23.7
1,2025-07-21 00:09:32.024204,196471892,3,23.28
1,2025-07-21 00:09:32.226800,196471892,3,26.75
1,2025-07-21 00:09:32.429376,196471892,3,30.12
1,2025-07-21 00:09:32.631988,196471892,3,28.69
1,2025-07-21 00:09:32.834588,196471892,3,30.36
1,2025-07-21 00:09:33.037087,196471892,3,27.8
1,2025-07-21 00:09:33.239898,196471892,3,28.02
1,2025-07-21 00:09:33.442705,196471892,3,28.78
1,2025-07-21 00:09:34.068617,196471892,3,23.93
1,2025-07-21 00:09:34.272515,196471892,3,26.44
1,2025-07-21 00:09:34.475053,196471892,3,31.13
1,2025-07-21 00:09:34.677555,196471892,3,20.57
1,2025-07-21 00:09:34.881378,196471892,3,14.13
1,2025-07-21 00:09:35.083918,196471892,3,7.77
1,2025-07-21 00:09:35.286545,196471892,3,3.99
1,2025-07-21 00:09:35.489169,196471892,3,1.38
1,2025-07-21 00:09:35.692259,196471892,3,2.07
1,2025-07-21 00:09:35.894875,196471892,3,0.68
1,2025-07-21 00:09:49.673577,1111111151150,3,20.23
1,2025-07-21 00:09:49.876362,1111111151150,3,28.46
1,2025-07-21 00:09:50.079829,1111111151150,3,28.46
1,2025-07-21 00:09:50.283010,1111111151150,3,27.99
1,2025-07-21 00:09:50.486562,1111111151150,3,30.31
1,2025-07-21 00:09:50.690403,1111111151150,3,22.17
1,2025-07-21 00:09:50.894263,1111111151150,3,16.77
1,2025-07-21 00:09:51.096806,1111111151150,3,14.49
1,2025-07-21 00:09:51.299843,1111111151150,3,13.64
1,2025-07-21 00:09:51.502793,1111111151150,3,15.05
1,2025-07-21 00:11:47.356833,19647186244,3,26.29
1,2025-07-21 00:11:47.560435,19647186244,3,26.94
1,2025-07-21 00:11:47.764148,19647186244,3,15.21
1,2025-07-21 00:11:47.966580,19647186244,3,10.02
1,2025-07-21 00:11:48.170374,19647186244,3,6.61
1,2025-07-21 00:11:48.373147,19647186244,3,0.33
1,2025-07-21 00:11:48.576067,19647186244,3,0.33
1,2025-07-21 00:11:48.779425,19647186244,3,1.11
1,2025-07-21 00:11:48.982022,19647186244,3,0.39
1,2025-07-21 00:11:49.185001,19647186244,3,0.08
1,2025-07-21 00:15:58.770807,1111110252252,3,26.38
1,2025-07-21 00:15:58.974622,1111110252252,3,26.22
1,2025-07-21 00:15:59.178475,1111110252252,3,25.7
1,2025-07-21 00:15:59.382386,1111110252252,3,18.07
1,2025-07-21 00:15:59.585807,1111110252252,3,13.43
1,2025-07-21 00:15:59.788574,1111110252252,3,8.57
1,2025-07-21 00:15:59.991408,1111110252252,3,11.91
1,2025-07-21 00:16:00.193902,1111110252252,3,6.17
1,2025-07-21 00:16:00.396465,1111110252252,3,2.86
1,2025-07-21 00:16:00.599058,1111110252252,3,0.37
1,2025-07-21 00:16:06.926690,1111111134135,3,26.57
1,2025-07-21 00:16:07.129273,1111111134135,3,27.03
1,2025-07-21 00:16:07.332424,1111111134135,3,25.57
1,2025-07-21 00:16:07.535867,1111111134135,3,15.31
1,2025-07-21 00:16:07.740089,1111111134135,3,10.62
1,2025-07-21 00:16:07.943030,1111111134135,3,13.3
1,2025-07-21 00:16:08.146488,1111111134135,3,6.61
1,2025-07-21 00:16:08.349271,1111111134135,3,5.18
1,2025-07-21 00:16:08.551916,1111111134135,3,4.43
1,2025-07-21 00:16:08.755653,1111111134135,3,0.32
1,2025-07-21 00:17:19.107597,1111111151150,3,27.69
1,2025-07-21 00:17:19.310069,1111111151150,3,27.52
1,2025-07-21 00:17:19.513674,1111111151150,3,24.94
1,2025-07-21 00:17:19.717290,1111111151150,3,29.05
1,2025-07-21 00:17:19.920082,1111111151150,3,29.0
1,2025-07-21 00:17:20.122775,1111111151150,3,28.75
1,2025-07-21 00:17:20.325842,1111111151150,3,28.58
1,2025-07-21 00:17:20.528574,1111111151150,3,28.79
1,2025-07-21 00:17:20.731343,1111111151150,3,29.08
1,2025-07-21 00:17:20.934300,1111111151150,3,28.99
1,2025-07-21 00:17:21.329154,1111111151150,3,27.1
1,2025-07-21 00:17:21.532575,1111111151150,3,28.63
1,2025-07-21 00:17:21.736106,1111111151150,3,28.46
1,2025-07-21 00:17:21.939543,1111111151150,3,28.36
1,2025-07-21 00:17:22.143925,1111111151150,3,28.66
1,2025-07-21 00:17:22.347990,1111111151150,3,31.45
1,2025-07-21 00:17:22.551281,1111111151150,3,24.32
1,2025-07-21 00:17:22.755249,1111111151150,3,16.85
1,2025-07-21 00:17:22.959832,1111111151150,3,12.99
1,2025-07-21 00:17:23.164489,1111111151150,3,7.33
1,2025-07-21 00:24:03.616248,1111110209209,3,26.47
1,2025-07-21 00:24:03.819770,1111110209209,3,26.48
1,2025-07-21 00:24:04.022631,1111110209209,3,25.74
1,2025-07-21 00:24:04.225891,1111110209209,3,14.82
1,2025-07-21 00:24:04.429907,1111110209209,3,11.46
1,2025-07-21 00:24:04.632843,1111110209209,3,6.01
1,2025-07-21 00:24:04.835955,1111110209209,3,2.61
1,2025-07-21 00:24:05.039365,1111110209209,3,0.63
1,2025-07-21 00:24:05.243186,1111110209209,3,0.36
1,2025-07-21 00:24:05.446409,1111110209209,3,0.12
1,2025-07-21 00:25:28.031978,1111110209209,3,24.89
1,2025-07-21 00:25:28.235602,1111110209209,3,25.18
1,2025-07-21 00:25:28.439694,1111110209209,3,26.45
1,2025-07-21 00:25:28.642609,1111110209209,3,14.33
1,2025-07-21 00:25:28.845825,1111110209209,3,12.6
1,2025-07-21 00:25:29.049416,1111110209209,3,5.54
1,2025-07-21 00:25:29.252704,1111110209209,3,1.96
1,2025-07-21 00:25:29.456801,1111110209209,3,0.16
1,2025-07-21 00:25:29.660450,1111110209209,3,0.42
1,2025-07-21 00:25:29.864138,1111110209209,3,0.51
1,2025-07-21 00:27:30.480360,19644148217,3,25.45
1,2025-07-21 00:27:30.683786,19644148217,3,25.79
1,2025-07-21 00:27:30.887770,19644148217,3,26.22
1,2025-07-21 00:27:31.091676,19644148217,3,16.31
1,2025-07-21 00:27:31.296184,19644148217,3,7.9
1,2025-07-21 00:27:31.500349,19644148217,3,11.04
1,2025-07-21 00:27:31.704422,19644148217,3,5.86
1,2025-07-21 00:27:31.907992,19644148217,3,4.74
1,2025-07-21 00:27:32.111733,19644148217,3,4.32
1,2025-07-21 00:27:32.314948,19644148217,3,0.85
1,2025-07-21 00:28:03.091893,1111110209209,3,27.12
1,2025-07-21 00:28:03.294929,1111110209209,3,26.27
1,2025-07-21 00:28:03.497741,1111110209209,3,28.34
1,2025-07-21 00:28:03.702719,1111110209209,3,15.27
1,2025-07-21 00:28:03.905585,1111110209209,3,12.9
1,2025-07-21 00:28:04.108934,1111110209209,3,15.52
1,2025-07-21 00:28:04.312794,1111110209209,3,13.09
1,2025-07-21 00:28:04.517044,1111110209209,3,11.85
1,2025-07-21 00:28:04.720717,1111110209209,3,7.45
1,2025-07-21 00:28:04.923530,1111110209209,3,8.7
1,2025-07-21 00:29:19.598757,19645782,3,19.96
1,2025-07-21 00:29:19.801319,19645782,3,25.96
1,2025-07-21 00:29:20.005196,19645782,3,27.01
1,2025-07-21 00:29:20.208307,19645782,3,27.02
1,2025-07-21 00:29:20.411454,19645782,3,26.49
1,2025-07-21 00:29:20.614001,19645782,3,26.49
1,2025-07-21 00:29:20.817768,19645782,3,26.83
1,2025-07-21 00:29:21.020258,19645782,3,26.62
1,2025-07-21 00:29:21.226706,19645782,3,25.7
1,2025-07-21 00:29:21.430467,19645782,3,25.81
1,2025-07-21 00:30:30.051034,1111110209209,3,26.18
1,2025-07-21 00:30:30.254948,1111110209209,3,26.11
1,2025-07-21 00:30:30.458846,1111110209209,3,22.51
1,2025-07-21 00:30:30.662041,1111110209209,3,11.54
1,2025-07-21 00:30:30.865078,1111110209209,3,12.68
1,2025-07-21 00:30:31.067578,1111110209209,3,6.68
1,2025-07-21 00:30:31.270309,1111110209209,3,2.87
1,2025-07-21 00:30:31.474051,1111110209209,3,0.11
1,2025-07-21 00:30:31.676527,1111110209209,3,0.28
1,2025-07-21 00:30:31.879050,1111110209209,3,1.14
1,2025-07-21 00:34:12.792916,1111110209209,3,24.85
1,2025-07-21 00:34:12.997218,1111110209209,3,12.72
1,2025-07-21 00:34:13.200172,1111110209209,3,9.33
1,2025-07-21 00:34:13.403574,1111110209209,3,7.85
1,2025-07-21 00:34:13.606660,1111110209209,3,5.81
1,2025-07-21 00:34:13.809574,1111110209209,3,0.8
1,2025-07-21 00:34:14.012230,1111110209209,3,0.91
1,2025-07-21 00:34:14.215813,1111110209209,3,0.77
1,2025-07-21 00:34:14.418649,1111110209209,3,0.25
1,2025-07-21 00:34:14.621497,1111110209209,3,0.12
1,2025-07-21 00:37:16.309311,1111110209209,3,22.75
1,2025-07-21 00:37:16.512946,1111110209209,3,27.33
1,2025-07-21 00:37:16.715567,1111110209209,3,26.94
1,2025-07-21 00:37:16.918794,1111110209209,3,27.06
1,2025-07-21 00:37:17.121588,1111110209209,3,27.21
1,2025-07-21 00:37:17.324206,1111110209209,3,26.65
1,2025-07-21 00:37:17.529676,1111110209209,3,26.79
1,2025-07-21 00:37:17.732285,1111110209209,3,27.74
1,2025-07-21 00:37:17.935844,1111110209209,3,26.59
1,2025-07-21 00:37:18.138634,1111110209209,3,25.7
1,2025-07-21 00:43:02.615492,1111111134135,3,17.12
1,2025-07-21 00:43:02.819219,1111111134135,3,25.97
1,2025-07-21 00:43:03.021663,1111111134135,3,26.55
1,2025-07-21 00:43:03.224125,1111111134135,3,27.18
1,2025-07-21 00:43:03.426849,1111111134135,3,19.96
1,2025-07-21 00:43:03.629624,1111111134135,3,13.58
1,2025-07-21 00:43:03.833428,1111111134135,3,14.97
1,2025-07-21 00:43:04.037126,1111111134135,3,6.81
1,2025-07-21 00:43:04.240942,1111111134135,3,3.4
1,2025-07-21 00:43:04.444603,1111111134135,3,3.96
1,2025-07-21 00:51:40.255476,1111110252252,3,18.41
1,2025-07-21 00:51:40.457961,1111110252252,3,26.51
1,2025-07-21 00:51:40.661710,1111110252252,3,26.81
1,2025-07-21 00:51:40.865338,1111110252252,3,26.56
1,2025-07-21 00:51:41.069199,1111110252252,3,27.16
1,2025-07-21 00:51:41.272801,1111110252252,3,27.2
1,2025-07-21 00:51:41.476361,1111110252252,3,26.68
1,2025-07-21 00:51:41.679036,1111110252252,3,27.54
1,2025-07-21 00:51:41.881745,1111110252252,3,26.39
1,2025-07-21 00:51:42.084720,1111110252252,3,26.89
1,2025-07-21 00:59:44.990074,19645782,3,25.5
1,2025-07-21 00:59:45.193845,19645782,3,25.85
1,2025-07-21 00:59:45.397718,19645782,3,25.69
1,2025-07-21 00:59:45.601051,19645782,3,24.36
1,2025-07-21 00:59:45.805210,19645782,3,14.4
1,2025-07-21 00:59:46.008639,19645782,3,10.81
1,2025-07-21 00:59:46.212228,19645782,3,8.2
1,2025-07-21 00:59:46.416459,19645782,3,4.5
1,2025-07-21 00:59:46.619640,19645782,3,3.11
1,2025-07-21 00:59:46.823121,19645782,3,0.17
1,2025-07-21 01:09:50.647898,1111111134135,3,26.51
1,2025-07-21 01:09:50.851652,1111111134135,3,27.41
1,2025-07-21 01:09:51.054418,1111111134135,3,26.83
1,2025-07-21 01:09:51.257476,1111111134135,3,27.52
1,2025-07-21 01:09:51.460320,1111111134135,3,27.37
1,2025-07-21 01:09:51.662810,1111111134135,3,26.8
1,2025-07-21 01:09:51.865621,1111111134135,3,26.73
1,2025-07-21 01:09:52.069434,1111111134135,3,27.57
1,2025-07-21 01:09:52.273422,1111111134135,3,27.33
1,2025-07-21 01:09:52.477297,1111111134135,3,27.74
1,2025-07-21 01:09:52.999719,1111111134135,3,26.92
1,2025-07-21 01:09:53.202350,1111111134135,3,26.63
1,2025-07-21 01:09:53.406249,1111111134135,3,25.08
1,2025-07-21 01:09:53.609646,1111111134135,3,16.43
1,2025-07-21 01:09:53.813944,1111111134135,3,16.52
1,2025-07-21 01:09:54.018858,1111111134135,3,12.15
1,2025-07-21 01:09:54.222763,1111111134135,3,7.62
1,2025-07-21 01:09:54.426944,1111111134135,3,3.08
1,2025-07-21 01:09:54.630830,1111111134135,3,3.49
1,2025-07-21 01:09:54.835193,1111111134135,3,0.49
1,2025-07-21 01:10:29.400901,1111110209209,3,20.91
1,2025-07-21 01:10:29.604669,1111110209209,3,27.51
1,2025-07-21 01:10:29.807205,1111110209209,3,27.83
1,2025-07-21 01:10:30.010169,1111110209209,3,27.43
1,2025-07-21 01:10:30.213827,1111110209209,3,27.54
1,2025-07-21 01:10:30.416864,1111110209209,3,28.14
1,2025-07-21 01:10:30.621060,1111110209209,3,29.34
1,2025-07-21 01:10:30.825275,1111110209209,3,27.67
1,2025-07-21 01:10:31.028292,1111110209209,3,27.53
1,2025-07-21 01:10:31.231464,1111110209209,3,27.21
1,2025-07-21 01:11:08.722962,19647186244,3,26.2
1,2025-07-21 01:11:08.925922,19647186244,3,10.48
1,2025-07-21 01:11:09.128875,19647186244,3,9.35
1,2025-07-21 01:11:09.331992,19647186244,3,4.84
1,2025-07-21 01:11:09.535139,19647186244,3,0.62
1,2025-07-21 01:11:09.738372,19647186244,3,0.59
1,2025-07-21 01:11:09.941368,19647186244,3,2.01
1,2025-07-21 01:11:10.145643,19647186244,3,0.42
1,2025-07-21 01:11:10.348879,19647186244,3,0.17
1,2025-07-21 01:11:10.552212,19647186244,3,0.18
1,2025-07-21 01:29:09.682826,19645782,3,25.86
1,2025-07-21 01:29:09.886599,19645782,3,24.41
1,2025-07-21 01:29:10.089156,19645782,3,25.68
1,2025-07-21 01:29:10.292764,19645782,3,25.54
1,2025-07-21 01:29:10.495777,19645782,3,26.52
1,2025-07-21 01:29:10.698637,19645782,3,13.36
1,2025-07-21 01:29:10.901238,19645782,3,10.63
1,2025-07-21 01:29:11.103767,19645782,3,6.69
1,2025-07-21 01:29:11.306916,19645782,3,5.16
1,2025-07-21 01:29:11.509973,19645782,3,2.77
1,2025-07-21 01:32:03.653471,1111110209209,3,27.4
1,2025-07-21 01:32:03.857133,1111110209209,3,25.0
1,2025-07-21 01:32:04.059945,1111110209209,3,26.38
1,2025-07-21 01:32:04.262667,1111110209209,3,25.7
1,2025-07-21 01:32:04.465295,1111110209209,3,19.49
1,2025-07-21 01:32:04.669111,1111110209209,3,14.16
1,2025-07-21 01:32:04.871808,1111110209209,3,8.74
1,2025-07-21 01:32:05.075449,1111110209209,3,6.92
1,2025-07-21 01:32:05.277893,1111110209209,3,7.13
1,2025-07-21 01:32:05.481118,1111110209209,3,0.47
1,2025-07-21 01:44:33.675393,19644148217,3,26.99
1,2025-07-21 01:44:33.878537,19644148217,3,25.45
1,2025-07-21 01:44:34.081812,19644148217,3,21.26
1,2025-07-21 01:44:34.285021,19644148217,3,14.53
1,2025-07-21 01:44:34.488526,19644148217,3,8.31
1,2025-07-21 01:44:34.692547,19644148217,3,4.45
1,2025-07-21 01:44:34.895211,19644148217,3,0.56
1,2025-07-21 01:44:35.098827,19644148217,3,0.34
1,2025-07-21 01:44:35.303069,19644148217,3,0.96
1,2025-07-21 01:44:35.506257,19644148217,3,2.06
1,2025-07-21 01:47:32.261845,19645782,3,22.88
1,2025-07-21 01:47:32.465037,19645782,3,25.92
1,2025-07-21 01:47:32.668411,19645782,3,25.47
1,2025-07-21 01:47:32.871917,19645782,3,26.39
1,2025-07-21 01:47:33.076281,19645782,3,25.34
1,2025-07-21 01:47:33.280,19645782,3,26.88
1,2025-07-21 01:47:33.482696,19645782,3,25.73
1,2025-07-21 01:47:33.686411,19645782,3,26.55
1,2025-07-21 01:47:33.891897,19645782,3,26.65
1,2025-07-21 01:47:34.094348,19645782,3,27.64
1,2025-07-21 02:05:51.477685,1111111134135,3,19.89
1,2025-07-21 02:05:51.680219,1111111134135,3,27.48
1,2025-07-21 02:05:51.883679,1111111134135,3,27.02
1,2025-07-21 02:05:52.086388,1111111134135,3,27.3
1,2025-07-21 02:05:52.290340,1111111134135,3,27.78
1,2025-07-21 02:05:52.492912,1111111134135,3,27.49
1,2025-07-21 02:05:52.695431,1111111134135,3,28.46
1,2025-07-21 02:05:52.897880,1111111134135,3,27.24
1,2025-07-21 02:05:53.101444,1111111134135,3,27.2
1,2025-07-21 02:05:53.304229,1111111134135,3,27.33
1,2025-07-21 02:05:54.025870,1111111134135,3,25.24
1,2025-07-21 02:05:54.228826,1111111134135,3,14.04
1,2025-07-21 02:05:54.432679,1111111134135,3,15.35
1,2025-07-21 02:05:54.635835,1111111134135,3,11.77
1,2025-07-21 02:05:54.840094,1111111134135,3,10.0
1,2025-07-21 02:05:55.043570,1111111134135,3,5.06
1,2025-07-21 02:05:55.247251,1111111134135,3,4.03
1,2025-07-21 02:05:55.451815,1111111134135,3,0.58
1,2025-07-21 02:05:55.655307,1111111134135,3,0.47
1,2025-07-21 02:05:55.859609,1111111134135,3,1.15
1,2025-07-21 02:13:29.730783,1111110252252,3,21.64
1,2025-07-21 02:13:29.933313,1111110252252,3,27.28
1,2025-07-21 02:13:30.135980,1111110252252,3,26.44
1,2025-07-21 02:13:30.338730,1111110252252,3,27.29
1,2025-07-21 02:13:30.541557,1111110252252,3,27.25
1,2025-07-21 02:13:30.744962,1111110252252,3,27.33
1,2025-07-21 02:13:30.947652,1111110252252,3,26.64
1,2025-07-21 02:13:31.151375,1111110252252,3,27.0
1,2025-07-21 02:13:31.356814,1111110252252,3,27.02
1,2025-07-21 02:13:31.560783,1111110252252,3,26.79
1,2025-07-21 02:25:41.038492,1111110252252,3,27.83
1,2025-07-21 02:25:41.242359,1111110252252,3,25.87
1,2025-07-21 02:25:41.446976,1111110252252,3,25.9
1,2025-07-21 02:25:41.650278,1111110252252,3,26.72
1,2025-07-21 02:25:41.853369,1111110252252,3,27.13
1,2025-07-21 02:25:42.056504,1111110252252,3,27.29
1,2025-07-21 02:25:42.262213,1111110252252,3,27.02
1,2025-07-21 02:25:42.465686,1111110252252,3,26.91
1,2025-07-21 02:25:42.669019,1111110252252,3,27.44
1,2025-07-21 02:25:42.872538,1111110252252,3,25.39
1,2025-07-21 02:36:35.142030,1111110252252,3,20.29
1,2025-07-21 02:36:35.344696,1111110252252,3,24.83
1,2025-07-21 02:36:35.547672,1111110252252,3,26.75
1,2025-07-21 02:36:35.751357,1111110252252,3,27.06
1,2025-07-21 02:36:35.954055,1111110252252,3,26.92
1,2025-07-21 02:36:36.156828,1111110252252,3,26.54
1,2025-07-21 02:36:36.362589,1111110252252,3,26.61
1,2025-07-21 02:36:36.566021,1111110252252,3,26.79
1,2025-07-21 02:36:36.768714,1111110252252,3,27.52
1,2025-07-21 02:36:36.971773,1111110252252,3,27.0
1,2025-07-21 03:07:03.987401,1111110209209,3,25.4
1,2025-07-21 03:07:04.191402,1111110209209,3,23.95
1,2025-07-21 03:07:04.395251,1111110209209,3,26.13
1,2025-07-21 03:07:04.599121,1111110209209,3,27.22
1,2025-07-21 03:07:04.802839,1111110209209,3,27.39
1,2025-07-21 03:07:05.005780,1111110209209,3,27.88
1,2025-07-21 03:07:05.209714,1111110209209,3,26.73
1,2025-07-21 03:07:05.412310,1111110209209,3,27.27
1,2025-07-21 03:07:05.616083,1111110209209,3,26.58
1,2025-07-21 03:07:05.822397,1111110209209,3,27.42
1,2025-07-21 03:07:46.521630,196471892,3,27.75
1,2025-07-21 03:07:46.725516,196471892,3,28.31
1,2025-07-21 03:07:46.928091,196471892,3,27.12
1,2025-07-21 03:07:47.130760,196471892,3,27.77
1,2025-07-21 03:07:47.333526,196471892,3,27.67
1,2025-07-21 03:07:47.536217,196471892,3,28.1
1,2025-07-21 03:07:47.740078,196471892,3,25.92
1,2025-07-21 03:07:47.942867,196471892,3,18.63
1,2025-07-21 03:07:48.146309,196471892,3,16.02
1,2025-07-21 03:07:48.349373,196471892,3,16.24
1,2025-07-21 03:36:23.067427,1111111151150,3,23.25
1,2025-07-21 03:36:23.270077,1111111151150,3,23.06
1,2025-07-21 03:36:23.473690,1111111151150,3,23.17
1,2025-07-21 03:36:23.676742,1111111151150,3,28.08
1,2025-07-21 03:36:23.879695,1111111151150,3,28.52
1,2025-07-21 03:36:24.082543,1111111151150,3,28.56
1,2025-07-21 03:36:24.285496,1111111151150,3,28.77
1,2025-07-21 03:36:24.488130,1111111151150,3,28.52
1,2025-07-21 03:36:24.691776,1111111151150,3,29.82
1,2025-07-21 03:36:24.895566,1111111151150,3,30.39
1,2025-07-21 03:36:25.354013,1111111151150,3,27.96
1,2025-07-21 03:36:25.556696,1111111151150,3,27.99
1,2025-07-21 03:36:25.759472,1111111151150,3,23.1
1,2025-07-21 03:36:25.962408,1111111151150,3,18.79
1,2025-07-21 03:36:26.165263,1111111151150,3,16.93
1,2025-07-21 03:36:26.367769,1111111151150,3,16.67
1,2025-07-21 03:36:26.570604,1111111151150,3,13.76
1,2025-07-21 03:36:26.775405,1111111151150,3,6.36
1,2025-07-21 03:36:26.980077,1111111151150,3,2.51
1,2025-07-21 03:36:27.184226,1111111151150,3,0.25
1,2025-07-21 03:46:44.956944,19647186244,3,25.42
1,2025-07-21 03:46:45.160756,19647186244,3,25.73
1,2025-07-21 03:46:45.366610,19647186244,3,25.61
1,2025-07-21 03:46:45.569405,19647186244,3,26.05
1,2025-07-21 03:46:45.774132,19647186244,3,26.13
1,2025-07-21 03:46:45.977621,19647186244,3,25.97
1,2025-07-21 03:46:46.181652,19647186244,3,26.34
1,2025-07-21 03:46:46.384621,19647186244,3,26.06
1,2025-07-21 03:46:46.587665,19647186244,3,25.93
1,2025-07-21 03:46:46.791103,19647186244,3,25.9
1,2025-07-21 03:46:48.779104,19647186244,3,25.91
1,2025-07-21 03:46:48.981867,19647186244,3,25.66
1,2025-07-21 03:46:49.186043,19647186244,3,25.7
1,2025-07-21 03:46:49.388829,19647186244,3,26.17
1,2025-07-21 03:46:49.591476,19647186244,3,16.81
1,2025-07-21 03:46:49.794054,19647186244,3,10.44
1,2025-07-21 03:46:49.996689,19647186244,3,11.28
1,2025-07-21 03:46:50.199815,19647186244,3,3.88
1,2025-07-21 03:46:50.403014,19647186244,3,2.13
1,2025-07-21 03:46:50.606008,19647186244,3,0.48
1,2025-07-21 03:56:39.995650,1111111151150,3,28.54
1,2025-07-21 03:56:40.199398,1111111151150,3,26.07
1,2025-07-21 03:56:40.403224,1111111151150,3,26.71
1,2025-07-21 03:56:40.605836,1111111151150,3,28.54
1,2025-07-21 03:56:40.808637,1111111151150,3,26.81
1,2025-07-21 03:56:41.011328,1111111151150,3,21.67
1,2025-07-21 03:56:41.214030,1111111151150,3,11.29
1,2025-07-21 03:56:41.417059,1111111151150,3,11.94
1,2025-07-21 03:56:41.619787,1111111151150,3,3.69
1,2025-07-21 03:56:41.822565,1111111151150,3,-0.77
1,2025-07-21 04:01:23.429934,19644148217,3,26.47
1,2025-07-21 04:01:23.633686,19644148217,3,26.65
1,2025-07-21 04:01:23.836431,19644148217,3,26.61
1,2025-07-21 04:01:24.040162,19644148217,3,26.51
1,2025-07-21 04:01:24.243616,19644148217,3,26.66
1,2025-07-21 04:01:24.447110,19644148217,3,26.61
1,2025-07-21 04:01:24.650083,19644148217,3,26.56
1,2025-07-21 04:01:24.854064,19644148217,3,26.62
1,2025-07-21 04:01:25.056812,19644148217,3,26.34
1,2025-07-21 04:01:25.260431,19644148217,3,26.66
1,2025-07-21 04:01:25.520955,19644148217,3,26.2
1,2025-07-21 04:01:25.724793,19644148217,3,26.25
1,2025-07-21 04:01:25.928617,19644148217,3,25.69
1,2025-07-21 04:01:26.132477,19644148217,3,25.81
1,2025-07-21 04:01:26.336315,19644148217,3,25.5
1,2025-07-21 04:01:26.539630,19644148217,3,25.61
1,2025-07-21 04:01:26.743754,19644148217,3,26.41
1,2025-07-21 04:01:26.946359,19644148217,3,26.29
1,2025-07-21 04:01:27.149106,19644148217,3,23.6
1,2025-07-21 04:01:27.352724,19644148217,3,10.96
1,2025-07-21 05:27:35.884090,1111111134135,3,20.24
1,2025-07-21 05:27:36.087955,1111111134135,3,25.12
1,2025-07-21 05:27:36.290969,1111111134135,3,26.71
1,2025-07-21 05:27:36.495336,1111111134135,3,26.14
1,2025-07-21 05:27:36.698912,1111111134135,3,26.67
1,2025-07-21 05:27:36.902746,1111111134135,3,26.67
1,2025-07-21 05:27:37.105837,1111111134135,3,26.94
1,2025-07-21 05:27:37.308614,1111111134135,3,26.68
1,2025-07-21 05:27:37.514313,1111111134135,3,26.91
1,2025-07-21 05:27:37.718224,1111111134135,3,25.02
1,2025-07-21 05:54:49.504779,19647186244,3,25.78
1,2025-07-21 05:54:49.708765,19647186244,3,27.39
1,2025-07-21 05:54:49.912274,19647186244,3,12.93
1,2025-07-21 05:54:50.115967,19647186244,3,10.21
1,2025-07-21 05:54:50.319783,19647186244,3,3.5
1,2025-07-21 05:54:50.522387,19647186244,3,0.17
1,2025-07-21 05:54:50.727476,19647186244,3,0.68
1,2025-07-21 05:54:50.930005,19647186244,3,0.41
1,2025-07-21 05:54:51.132962,19647186244,3,0.19
1,2025-07-21 05:54:51.336340,19647186244,3,0.15
1,2025-07-21 05:55:17.576675,19645782,3,25.25
1,2025-07-21 05:55:17.780318,19645782,3,25.57
1,2025-07-21 05:55:17.984178,19645782,3,25.77
1,2025-07-21 05:55:18.186915,19645782,3,25.73
1,2025-07-21 05:55:18.389788,19645782,3,25.79
1,2025-07-21 05:55:18.593638,19645782,3,25.8
1,2025-07-21 05:55:18.796274,19645782,3,25.92
1,2025-07-21 05:55:18.999833,19645782,3,26.09
1,2025-07-21 05:55:19.202796,19645782,3,26.05
1,2025-07-21 05:55:19.406693,19645782,3,25.95
1,2025-07-21 05:55:20.585017,19645782,3,26.12
1,2025-07-21 05:55:20.788785,19645782,3,25.09
1,2025-07-21 05:55:20.991223,19645782,3,24.0
1,2025-07-21 05:55:21.195120,19645782,3,13.43
1,2025-07-21 05:55:21.398409,19645782,3,10.36
1,2025-07-21 05:55:21.602323,19645782,3,8.74
1,2025-07-21 05:55:21.804865,19645782,3,4.45
1,2025-07-21 05:55:22.007804,19645782,3,1.28
1,2025-07-21 05:55:22.211542,19645782,3,0.14
1,2025-07-21 05:55:22.415068,19645782,3,0.28
1,2025-07-21 05:55:45.580817,1111110252252,3,22.21
1,2025-07-21 05:55:45.784655,1111110252252,3,22.2
1,2025-07-21 05:55:45.988370,1111110252252,3,22.33
1,2025-07-21 05:55:46.190858,1111110252252,3,22.74
1,2025-07-21 05:55:46.393687,1111110252252,3,23.93
1,2025-07-21 05:55:46.597184,1111110252252,3,21.44
1,2025-07-21 05:55:46.800935,1111110252252,3,26.03
1,2025-07-21 05:55:47.005721,1111110252252,3,26.34
1,2025-07-21 05:55:47.209242,1111110252252,3,26.25
1,2025-07-21 05:55:47.412009,1111110252252,3,26.4
1,2025-07-21 05:55:47.998161,1111110252252,3,25.88
1,2025-07-21 05:55:48.201471,1111110252252,3,25.09
1,2025-07-21 05:55:48.406584,1111110252252,3,19.73
1,2025-07-21 05:55:48.611743,1111110252252,3,19.27
1,2025-07-21 05:55:48.816319,1111110252252,3,13.86
1,2025-07-21 05:55:49.020146,1111110252252,3,12.15
1,2025-07-21 05:55:49.223977,1111110252252,3,11.03
1,2025-07-21 05:55:49.428644,1111110252252,3,3.01
1,2025-07-21 05:55:49.633133,1111110252252,3,0.11
1,2025-07-21 05:55:49.837699,1111110252252,3,0.24
1,2025-07-21 05:56:50.139993,196471892,3,27.04
1,2025-07-21 05:56:50.343660,196471892,3,26.76
1,2025-07-21 05:56:50.547173,196471892,3,27.45
1,2025-07-21 05:56:50.750969,196471892,3,27.58
1,2025-07-21 05:56:50.954487,196471892,3,22.79
1,2025-07-21 05:56:51.158160,196471892,3,18.42
1,2025-07-21 05:56:51.361100,196471892,3,14.1
1,2025-07-21 05:56:51.563848,196471892,3,11.38
1,2025-07-21 05:56:51.767586,196471892,3,7.99
1,2025-07-21 05:56:51.971202,196471892,3,4.12
1,2025-07-21 05:57:03.531083,1111111134135,3,23.89
1,2025-07-21 05:57:03.734796,1111111134135,3,27.4
1,2025-07-21 05:57:03.937507,1111111134135,3,26.96
1,2025-07-21 05:57:04.141119,1111111134135,3,26.85
1,2025-07-21 05:57:04.344852,1111111134135,3,26.83
1,2025-07-21 05:57:04.547287,1111111134135,3,27.07
1,2025-07-21 05:57:04.751028,1111111134135,3,27.35
1,2025-07-21 05:57:04.954810,1111111134135,3,27.11
1,2025-07-21 05:57:05.157419,1111111134135,3,26.71
1,2025-07-21 05:57:05.360332,1111111134135,3,27.53
1,2025-07-21 05:57:06.013727,1111111134135,3,26.34
1,2025-07-21 05:57:06.217214,1111111134135,3,27.09
1,2025-07-21 05:57:06.421032,1111111134135,3,26.69
1,2025-07-21 05:57:06.623814,1111111134135,3,27.73
1,2025-07-21 05:57:06.826509,1111111134135,3,17.77
1,2025-07-21 05:57:07.029641,1111111134135,3,12.56
1,2025-07-21 05:57:07.233093,1111111134135,3,10.43
1,2025-07-21 05:57:07.435897,1111111134135,3,6.68
1,2025-07-21 05:57:07.638764,1111111134135,3,3.73
1,2025-07-21 05:57:07.843282,1111111134135,3,1.42
1,2025-07-21 05:57:19.579145,1111110209209,3,26.06
1,2025-07-21 05:57:19.782909,1111110209209,3,14.55
1,2025-07-21 05:57:19.986050,1111110209209,3,15.84
1,2025-07-21 05:57:20.189900,1111110209209,3,13.67
1,2025-07-21 05:57:20.392450,1111110209209,3,7.39
1,2025-07-21 05:57:20.595081,1111110209209,3,5.41
1,2025-07-21 05:57:20.798897,1111110209209,3,2.33
1,2025-07-21 05:57:21.002616,1111110209209,3,0.06
1,2025-07-21 05:57:21.206369,1111110209209,3,-0.23
1,2025-07-21 05:57:21.409843,1111110209209,3,0.45
1,2025-07-21 06:03:16.403855,19644148217,3,24.75
1,2025-07-21 06:03:16.608064,19644148217,3,26.67
1,2025-07-21 06:03:16.812382,19644148217,3,24.8
1,2025-07-21 06:03:17.015389,19644148217,3,25.86
1,2025-07-21 06:03:17.219325,19644148217,3,26.31
1,2025-07-21 06:03:17.422738,19644148217,3,24.16
1,2025-07-21 06:03:17.627198,19644148217,3,22.21
1,2025-07-21 06:03:17.831090,19644148217,3,9.42
1,2025-07-21 06:03:18.033828,19644148217,3,7.88
1,2025-07-21 06:03:18.236444,19644148217,3,4.79
1,2025-07-21 06:03:27.253209,1111110209209,3,26.38
1,2025-07-21 06:03:27.455992,1111110209209,3,26.67
1,2025-07-21 06:03:27.658852,1111110209209,3,27.12
1,2025-07-21 06:03:27.862371,1111110209209,3,13.97
1,2025-07-21 06:03:28.065452,1111110209209,3,12.1
1,2025-07-21 06:03:28.268830,1111110209209,3,7.91
1,2025-07-21 06:03:28.471812,1111110209209,3,5.62
1,2025-07-21 06:03:28.674743,1111110209209,3,0.19
1,2025-07-21 06:03:28.878631,1111110209209,3,0.31
1,2025-07-21 06:03:29.081452,1111110209209,3,0.8
1,2025-07-21 06:04:52.857770,19647186244,3,25.94
1,2025-07-21 06:04:53.060292,19647186244,3,25.81
1,2025-07-21 06:04:53.262990,19647186244,3,11.21
1,2025-07-21 06:04:53.465889,19647186244,3,10.49
1,2025-07-21 06:04:53.668604,19647186244,3,8.3
1,2025-07-21 06:04:53.872346,19647186244,3,2.53
1,2025-07-21 06:04:54.075988,19647186244,3,0.13
1,2025-07-21 06:04:54.278782,19647186244,3,-0.09
1,2025-07-21 06:04:54.482599,19647186244,3,0.57
1,2025-07-21 06:04:54.686342,19647186244,3,1.11
1,2025-07-21 06:05:46.173932,19645782,3,25.69
1,2025-07-21 06:05:46.378043,19645782,3,24.58
1,2025-07-21 06:05:46.581838,19645782,3,25.69
1,2025-07-21 06:05:46.785189,19645782,3,25.13
1,2025-07-21 06:05:46.987759,19645782,3,12.55
1,2025-07-21 06:05:47.191293,19645782,3,8.86
1,2025-07-21 06:05:47.395069,19645782,3,7.12
1,2025-07-21 06:05:47.598608,19645782,3,3.52
1,2025-07-21 06:05:47.801333,19645782,3,3.21
1,2025-07-21 06:05:48.003972,19645782,3,0.82
1,2025-07-21 06:06:13.688314,1111110209209,3,24.74
1,2025-07-21 06:06:13.892220,1111110209209,3,12.44
1,2025-07-21 06:06:14.094938,1111110209209,3,15.19
1,2025-07-21 06:06:14.297828,1111110209209,3,10.46
1,2025-07-21 06:06:14.500773,1111110209209,3,5.11
1,2025-07-21 06:06:14.703692,1111110209209,3,0.13
1,2025-07-21 06:06:14.907159,1111110209209,3,0.22
1,2025-07-21 06:06:15.111097,1111110209209,3,0.35
1,2025-07-21 06:06:15.314872,1111110209209,3,0.52
1,2025-07-21 06:06:15.517983,1111110209209,3,0.05
1,2025-07-21 06:08:14.699748,19644148217,3,24.7
1,2025-07-21 06:08:14.902669,19644148217,3,25.27
1,2025-07-21 06:08:15.105754,19644148217,3,25.72
1,2025-07-21 06:08:15.308327,19644148217,3,24.96
1,2025-07-21 06:08:15.513091,19644148217,3,13.42
1,2025-07-21 06:08:15.717237,19644148217,3,9.11
1,2025-07-21 06:08:15.920789,19644148217,3,7.64
1,2025-07-21 06:08:16.123274,19644148217,3,4.6
1,2025-07-21 06:08:16.326283,19644148217,3,-0.03
1,2025-07-21 06:08:16.528914,19644148217,3,0.33
1,2025-07-21 06:14:41.868186,1111110209209,3,26.39
1,2025-07-21 06:14:42.071194,1111110209209,3,26.12
1,2025-07-21 06:14:42.274294,1111110209209,3,24.75
1,2025-07-21 06:14:42.477653,1111110209209,3,8.91
1,2025-07-21 06:14:42.680805,1111110209209,3,11.02
1,2025-07-21 06:14:42.883270,1111110209209,3,5.19
1,2025-07-21 06:14:43.086209,1111110209209,3,0.75
1,2025-07-21 06:14:43.291594,1111110209209,3,0.32
1,2025-07-21 06:14:43.494681,1111110209209,3,0.48
1,2025-07-21 06:14:43.699231,1111110209209,3,0.55
1,2025-07-21 06:16:21.008858,19647186244,3,25.92
1,2025-07-21 06:16:21.212528,19647186244,3,25.75
1,2025-07-21 06:16:21.416453,19647186244,3,24.13
1,2025-07-21 06:16:21.620538,19647186244,3,10.6
1,2025-07-21 06:16:21.826274,19647186244,3,10.81
1,2025-07-21 06:16:22.030258,19647186244,3,4.96
1,2025-07-21 06:16:22.236775,19647186244,3,0.32
1,2025-07-21 06:16:22.440548,19647186244,3,0.91
1,2025-07-21 06:16:22.644282,19647186244,3,0.52
1,2025-07-21 06:16:22.846820,19647186244,3,0.17
1,2025-07-21 06:17:40.928714,19645782,3,20.34
1,2025-07-21 06:17:41.131680,19645782,3,12.0
1,2025-07-21 06:17:41.334623,19645782,3,11.59
1,2025-07-21 06:17:41.538160,19645782,3,12.44
1,2025-07-21 06:17:41.740834,19645782,3,11.92
1,2025-07-21 06:17:41.943723,19645782,3,12.18
1,2025-07-21 06:17:42.146746,19645782,3,12.23
1,2025-07-21 06:17:42.349508,19645782,3,11.05
1,2025-07-21 06:17:42.552575,19645782,3,11.59
1,2025-07-21 06:17:42.755393,19645782,3,12.55
1,2025-07-21 06:20:45.296572,19644148217,3,22.17
1,2025-07-21 06:20:45.499034,19644148217,3,26.89
1,2025-07-21 06:20:45.701575,19644148217,3,26.28
1,2025-07-21 06:20:45.904440,19644148217,3,26.4
1,2025-07-21 06:20:46.107391,19644148217,3,26.29
1,2025-07-21 06:20:46.310205,19644148217,3,26.4
1,2025-07-21 06:20:46.514140,19644148217,3,26.38
1,2025-07-21 06:20:46.716822,19644148217,3,26.49
1,2025-07-21 06:20:46.919617,19644148217,3,26.4
1,2025-07-21 06:20:47.122336,19644148217,3,26.51
1,2025-07-21 06:20:47.714063,19644148217,3,26.34
1,2025-07-21 06:20:47.917884,19644148217,3,26.48
1,2025-07-21 06:20:48.121409,19644148217,3,26.77
1,2025-07-21 06:20:48.324609,19644148217,3,26.34
1,2025-07-21 06:20:48.528015,19644148217,3,26.69
1,2025-07-21 06:20:48.731869,19644148217,3,26.41
1,2025-07-21 06:20:48.935251,19644148217,3,26.38
1,2025-07-21 06:20:49.138488,19644148217,3,26.26
1,2025-07-21 06:20:49.341389,19644148217,3,26.46
1,2025-07-21 06:20:49.544162,19644148217,3,26.43
1,2025-07-21 06:21:10.144016,1111110209209,3,26.71
1,2025-07-21 06:21:10.347073,1111110209209,3,26.83
1,2025-07-21 06:21:10.550687,1111110209209,3,26.76
1,2025-07-21 06:21:10.753736,1111110209209,3,26.8
1,2025-07-21 06:21:10.956835,1111110209209,3,26.95
1,2025-07-21 06:21:11.159720,1111110209209,3,26.55
1,2025-07-21 06:21:11.362435,1111110209209,3,26.79
1,2025-07-21 06:21:11.565190,1111110209209,3,26.7
1,2025-07-21 06:21:11.769831,1111110209209,3,26.88
1,2025-07-21 06:21:11.973457,1111110209209,3,26.87
1,2025-07-21 06:21:12.888138,1111110209209,3,25.47
1,2025-07-21 06:21:13.091051,1111110209209,3,26.07
1,2025-07-21 06:21:13.294259,1111110209209,3,26.18
1,2025-07-21 06:21:13.497403,1111110209209,3,25.93
1,2025-07-21 06:21:13.700741,1111110209209,3,25.97
1,2025-07-21 06:21:13.903926,1111110209209,3,25.89
1,2025-07-21 06:21:14.106576,1111110209209,3,25.7
1,2025-07-21 06:21:14.309927,1111110209209,3,25.02
1,2025-07-21 06:21:14.513201,1111110209209,3,25.74
1,2025-07-21 06:21:14.716001,1111110209209,3,26.19
1,2025-07-21 06:22:21.472973,19645782,3,25.18
1,2025-07-21 06:22:21.675383,19645782,3,25.97
1,2025-07-21 06:22:21.879112,19645782,3,25.99
1,2025-07-21 06:22:22.083042,19645782,3,25.98
1,2025-07-21 06:22:22.285595,19645782,3,25.92
1,2025-07-21 06:22:22.488428,19645782,3,25.86
1,2025-07-21 06:22:22.691346,19645782,3,25.92
1,2025-07-21 06:22:22.893839,19645782,3,25.87
1,2025-07-21 06:22:23.096396,19645782,3,26.34
1,2025-07-21 06:22:23.299239,19645782,3,25.91
1,2025-07-21 06:22:25.684670,19645782,3,24.57
1,2025-07-21 06:22:25.887400,19645782,3,25.7
1,2025-07-21 06:22:26.090466,19645782,3,25.56
1,2025-07-21 06:22:26.294206,19645782,3,25.49
1,2025-07-21 06:22:26.497936,19645782,3,24.23
1,2025-07-21 06:22:26.702244,19645782,3,21.45
1,2025-07-21 06:22:26.908113,19645782,3,21.18
1,2025-07-21 06:22:27.110943,19645782,3,24.52
1,2025-07-21 06:22:27.314615,19645782,3,25.33
1,2025-07-21 06:22:27.517926,19645782,3,25.68
1,2025-07-21 06:22:48.929527,1111110209209,3,20.93
1,2025-07-21 06:22:49.132594,1111110209209,3,25.34
1,2025-07-21 06:22:49.335640,1111110209209,3,26.74
1,2025-07-21 06:22:49.539616,1111110209209,3,26.47
1,2025-07-21 06:22:49.742123,1111110209209,3,27.22
1,2025-07-21 06:22:49.945971,1111110209209,3,26.9
1,2025-07-21 06:22:50.149685,1111110209209,3,27.05
1,2025-07-21 06:22:50.353247,1111110209209,3,26.98
1,2025-07-21 06:22:50.555966,1111110209209,3,26.59
1,2025-07-21 06:22:50.761790,1111110209209,3,26.9
1,2025-07-21 06:22:55.100343,19647186244,3,25.14
1,2025-07-21 06:22:55.303990,19647186244,3,26.04
1,2025-07-21 06:22:55.507227,19647186244,3,26.17
1,2025-07-21 06:22:55.710038,19647186244,3,25.86
1,2025-07-21 06:22:55.913871,19647186244,3,25.89
1,2025-07-21 06:22:56.116687,19647186244,3,25.77
1,2025-07-21 06:22:56.322710,19647186244,3,26.12
1,2025-07-21 06:22:56.525687,19647186244,3,18.2
1,2025-07-21 06:22:56.728813,19647186244,3,10.48
1,2025-07-21 06:22:56.931821,19647186244,3,9.47
1,2025-07-21 06:32:16.646030,1111110209209,3,22.9
1,2025-07-21 06:32:16.849658,1111110209209,3,27.07
1,2025-07-21 06:32:17.053512,1111110209209,3,26.42
1,2025-07-21 06:32:17.256181,1111110209209,3,26.36
1,2025-07-21 06:32:17.458722,1111110209209,3,19.43
1,2025-07-21 06:32:17.662566,1111110209209,3,11.89
1,2025-07-21 06:32:17.866427,1111110209209,3,15.31
1,2025-07-21 06:32:18.068947,1111110209209,3,12.45
1,2025-07-21 06:32:18.272920,1111110209209,3,5.38
1,2025-07-21 06:32:18.475639,1111110209209,3,3.1
1,2025-07-21 08:04:33.781068,1111110252252,3,20.02
1,2025-07-21 08:04:33.984949,1111110252252,3,25.98
1,2025-07-21 08:04:34.188688,1111110252252,3,26.32
1,2025-07-21 08:04:34.392492,1111110252252,3,25.78
1,2025-07-21 08:04:34.596326,1111110252252,3,25.69
1,2025-07-21 08:04:34.799215,1111110252252,3,23.19
1,2025-07-21 08:04:35.001824,1111110252252,3,17.55
1,2025-07-21 08:04:35.204529,1111110252252,3,11.46
1,2025-07-21 08:04:35.407840,1111110252252,3,14.96
1,2025-07-21 08:04:35.610780,1111110252252,3,12.75
1,2025-07-21 08:06:03.277762,1111110252252,3,26.14
1,2025-07-21 08:06:03.481659,1111110252252,3,26.61
1,2025-07-21 08:06:03.684227,1111110252252,3,26.2
1,2025-07-21 08:06:03.887301,1111110252252,3,26.15
1,2025-07-21 08:06:04.090439,1111110252252,3,26.2
1,2025-07-21 08:06:04.294645,1111110252252,3,25.88
1,2025-07-21 08:06:04.498247,1111110252252,3,26.12
1,2025-07-21 08:06:04.703258,1111110252252,3,26.58
1,2025-07-21 08:06:04.906164,1111110252252,3,26.68
1,2025-07-21 08:06:05.113343,1111110252252,3,26.25
1,2025-07-21 08:16:40.877312,1111110252252,3,26.23
1,2025-07-21 08:16:41.080989,1111110252252,3,26.59
1,2025-07-21 08:16:41.284516,1111110252252,3,26.51
1,2025-07-21 08:16:41.488141,1111110252252,3,26.23
1,2025-07-21 08:16:41.691003,1111110252252,3,26.25
1,2025-07-21 08:16:41.894577,1111110252252,3,26.94
1,2025-07-21 08:16:42.100723,1111110252252,3,25.84
1,2025-07-21 08:16:42.303996,1111110252252,3,27.35
1,2025-07-21 08:16:42.507264,1111110252252,3,26.75
1,2025-07-21 08:16:42.710822,1111110252252,3,26.81
1,2025-07-21 08:25:49.954031,196471892,3,26.72
1,2025-07-21 08:25:50.156787,196471892,3,27.93
1,2025-07-21 08:25:50.360879,196471892,3,27.13
1,2025-07-21 08:25:50.563688,196471892,3,25.91
1,2025-07-21 08:25:50.766682,196471892,3,19.64
1,2025-07-21 08:25:50.970491,196471892,3,16.74
1,2025-07-21 08:25:51.173276,196471892,3,12.66
1,2025-07-21 08:25:51.376007,196471892,3,8.97
1,2025-07-21 08:25:51.578653,196471892,3,3.63
1,2025-07-21 08:25:51.781653,196471892,3,4.44
1,2025-07-21 08:29:51.037978,1111110209209,3,24.66
1,2025-07-21 08:29:51.240895,1111110209209,3,17.07
1,2025-07-21 08:29:51.444321,1111110209209,3,13.21
1,2025-07-21 08:29:51.647821,1111110209209,3,13.14
1,2025-07-21 08:29:51.850796,1111110209209,3,8.25
1,2025-07-21 08:29:52.053863,1111110209209,3,4.78
1,2025-07-21 08:29:52.256650,1111110209209,3,0.36
1,2025-07-21 08:29:52.459851,1111110209209,3,-0.04
1,2025-07-21 08:29:52.662409,1111110209209,3,0.39
1,2025-07-21 08:29:52.865402,1111110209209,3,0.66
1,2025-07-21 08:31:56.447461,19644148217,3,22.87
1,2025-07-21 08:31:56.650240,19644148217,3,23.48
1,2025-07-21 08:31:56.852967,19644148217,3,28.84
1,2025-07-21 08:31:57.056148,19644148217,3,30.06
1,2025-07-21 08:31:57.259759,19644148217,3,27.84
1,2025-07-21 08:31:57.463528,19644148217,3,26.12
1,2025-07-21 08:31:57.666395,19644148217,3,26.85
1,2025-07-21 08:31:57.869149,19644148217,3,27.35
1,2025-07-21 08:31:58.072825,19644148217,3,13.83
1,2025-07-21 08:31:58.275726,19644148217,3,13.94
1,2025-07-21 08:35:23.251702,19645782,3,25.15
1,2025-07-21 08:35:23.454502,19645782,3,24.79
1,2025-07-21 08:35:23.657412,19645782,3,25.6
1,2025-07-21 08:35:23.861356,19645782,3,26.32
1,2025-07-21 08:35:24.064540,19645782,3,13.91
1,2025-07-21 08:35:24.267847,19645782,3,10.36
1,2025-07-21 08:35:24.470324,19645782,3,12.37
1,2025-07-21 08:35:24.673227,19645782,3,6.99
1,2025-07-21 08:35:24.875824,19645782,3,6.35
1,2025-07-21 08:35:25.079750,19645782,3,2.28
1,2025-07-21 08:35:45.750789,1111110252252,3,20.62
1,2025-07-21 08:35:45.953967,1111110252252,3,26.34
1,2025-07-21 08:35:46.157627,1111110252252,3,26.23
1,2025-07-21 08:35:46.360994,1111110252252,3,26.46
1,2025-07-21 08:35:46.564024,1111110252252,3,26.38
1,2025-07-21 08:35:46.767102,1111110252252,3,27.45
1,2025-07-21 08:35:46.970089,1111110252252,3,27.56
1,2025-07-21 08:35:47.173497,1111110252252,3,26.71
1,2025-07-21 08:35:47.376942,1111110252252,3,28.04
1,2025-07-21 08:35:47.580865,1111110252252,3,27.7
1,2025-07-21 08:41:12.684832,1111111134135,3,21.85
1,2025-07-21 08:41:12.887306,1111111134135,3,26.88
1,2025-07-21 08:41:13.091152,1111111134135,3,27.25
1,2025-07-21 08:41:13.294286,1111111134135,3,26.81
1,2025-07-21 08:41:13.497849,1111111134135,3,26.89
1,2025-07-21 08:41:13.701280,1111111134135,3,27.12
1,2025-07-21 08:41:13.904223,1111111134135,3,27.04
1,2025-07-21 08:41:14.106890,1111111134135,3,27.13
1,2025-07-21 08:41:14.310682,1111111134135,3,27.07
1,2025-07-21 08:41:14.513608,1111111134135,3,26.96
1,2025-07-21 08:41:15.102080,1111111134135,3,26.65
1,2025-07-21 08:41:15.304580,1111111134135,3,19.94
1,2025-07-21 08:41:15.507511,1111111134135,3,11.2
1,2025-07-21 08:41:15.710812,1111111134135,3,12.29
1,2025-07-21 08:41:15.913791,1111111134135,3,9.77
1,2025-07-21 08:41:16.116681,1111111134135,3,5.85
1,2025-07-21 08:41:16.319973,1111111134135,3,4.89
1,2025-07-21 08:41:16.523802,1111111134135,3,0.65
1,2025-07-21 08:41:16.727603,1111111134135,3,0.18
1,2025-07-21 08:41:16.931701,1111111134135,3,0.23
1,2025-07-21 08:49:20.102996,1111111151150,3,27.21
1,2025-07-21 08:49:20.305781,1111111151150,3,27.96
1,2025-07-21 08:49:20.509957,1111111151150,3,23.3
1,2025-07-21 08:49:20.713235,1111111151150,3,16.19
1,2025-07-21 08:49:20.916219,1111111151150,3,11.92
1,2025-07-21 08:49:21.119926,1111111151150,3,6.46
1,2025-07-21 08:49:21.323201,1111111151150,3,3.28
1,2025-07-21 08:49:21.526074,1111111151150,3,-1.19
1,2025-07-21 08:49:21.729304,1111111151150,3,0.29
1,2025-07-21 08:49:21.932474,1111111151150,3,0.77
1,2025-07-21 08:58:56.095660,19647186244,3,25.42
1,2025-07-21 08:58:56.299340,19647186244,3,25.22
1,2025-07-21 08:58:56.503240,19647186244,3,13.29
1,2025-07-21 08:58:56.705678,19647186244,3,12.3
1,2025-07-21 08:58:56.908490,19647186244,3,9.29
1,2025-07-21 08:58:57.112087,19647186244,3,7.95
1,2025-07-21 08:58:57.314719,19647186244,3,2.49
1,2025-07-21 08:58:57.518452,19647186244,3,-0.08
1,2025-07-21 08:58:57.722911,19647186244,3,0.01
1,2025-07-21 08:58:57.925616,19647186244,3,0.59
1,2025-07-21 09:00:00.941826,1111110209209,3,26.16
1,2025-07-21 09:00:01.144444,1111110209209,3,26.65
1,2025-07-21 09:00:01.347296,1111110209209,3,24.58
1,2025-07-21 09:00:01.551030,1111110209209,3,10.76
1,2025-07-21 09:00:01.753683,1111110209209,3,8.4
1,2025-07-21 09:00:01.956488,1111110209209,3,11.41
1,2025-07-21 09:00:02.159326,1111110209209,3,6.35
1,2025-07-21 09:00:02.362323,1111110209209,3,0.48
1,2025-07-21 09:00:02.564917,1111110209209,3,0.08
1,2025-07-21 09:00:02.770535,1111110209209,3,0.39
1,2025-07-21 09:00:16.006372,1111111151150,3,27.48
1,2025-07-21 09:00:16.210180,1111111151150,3,27.59
1,2025-07-21 09:00:16.413537,1111111151150,3,28.3
1,2025-07-21 09:00:16.616538,1111111151150,3,27.74
1,2025-07-21 09:00:16.819585,1111111151150,3,29.48
1,2025-07-21 09:00:17.023120,1111111151150,3,31.67
1,2025-07-21 09:00:17.226201,1111111151150,3,28.56
1,2025-07-21 09:00:17.429105,1111111151150,3,29.11
1,2025-07-21 09:00:17.632351,1111111151150,3,28.17
1,2025-07-21 09:00:17.836379,1111111151150,3,29.04
1,2025-07-21 09:00:48.773282,1111111134135,3,23.84
1,2025-07-21 09:00:48.975827,1111111134135,3,27.02
1,2025-07-21 09:00:49.178472,1111111134135,3,27.2
1,2025-07-21 09:00:49.382112,1111111134135,3,26.83
1,2025-07-21 09:00:49.585397,1111111134135,3,26.66
1,2025-07-21 09:00:49.788227,1111111134135,3,27.0
1,2025-07-21 09:00:49.992076,1111111134135,3,26.55
1,2025-07-21 09:00:50.194832,1111111134135,3,26.81
1,2025-07-21 09:00:50.397679,1111111134135,3,26.77
1,2025-07-21 09:00:50.601193,1111111134135,3,26.93
1,2025-07-21 09:00:51.484721,1111111134135,3,26.23
1,2025-07-21 09:00:51.688505,1111111134135,3,26.12
1,2025-07-21 09:00:51.892259,1111111134135,3,21.61
1,2025-07-21 09:00:52.094727,1111111134135,3,22.72
1,2025-07-21 09:00:52.298038,1111111134135,3,11.52
1,2025-07-21 09:00:52.502637,1111111134135,3,8.5
1,2025-07-21 09:00:52.707087,1111111134135,3,6.43
1,2025-07-21 09:00:52.911614,1111111134135,3,3.56
1,2025-07-21 09:00:53.114885,1111111134135,3,0.6
1,2025-07-21 09:00:53.319363,1111111134135,3,0.24
1,2025-07-21 09:02:36.694766,19645782,3,25.92
1,2025-07-21 09:02:36.897322,19645782,3,25.12
1,2025-07-21 09:02:37.101164,19645782,3,24.83
1,2025-07-21 09:02:37.304423,19645782,3,14.76
1,2025-07-21 09:02:37.508015,19645782,3,17.69
1,2025-07-21 09:02:37.710736,19645782,3,20.1
1,2025-07-21 09:02:37.913649,19645782,3,28.59
1,2025-07-21 09:02:38.116408,19645782,3,28.13
1,2025-07-21 09:02:38.318922,19645782,3,26.27
1,2025-07-21 09:02:38.521650,19645782,3,35.86
1,2025-07-21 09:02:48.370130,1111110252252,3,24.7
1,2025-07-21 09:02:48.572949,1111110252252,3,25.41
1,2025-07-21 09:02:48.775876,1111110252252,3,13.96
1,2025-07-21 09:02:48.979628,1111110252252,3,12.69
1,2025-07-21 09:02:49.183369,1111110252252,3,10.81
1,2025-07-21 09:02:49.386560,1111110252252,3,6.51
1,2025-07-21 09:02:49.589693,1111110252252,3,1.4
1,2025-07-21 09:02:49.792900,1111110252252,3,-0.38
1,2025-07-21 09:02:49.996095,1111110252252,3,-0.29
1,2025-07-21 09:02:50.199266,1111110252252,3,0.04
1,2025-07-21 09:03:38.186594,19647186244,3,25.52
1,2025-07-21 09:03:38.389470,19647186244,3,25.42
1,2025-07-21 09:03:38.592335,19647186244,3,25.75
1,2025-07-21 09:03:38.795530,19647186244,3,19.38
1,2025-07-21 09:03:38.998633,19647186244,3,10.15
1,2025-07-21 09:03:39.201649,19647186244,3,9.24
1,2025-07-21 09:03:39.404644,19647186244,3,3.12
1,2025-07-21 09:03:39.607972,19647186244,3,-0.22
1,2025-07-21 09:03:39.811170,19647186244,3,0.19
1,2025-07-21 09:03:40.014242,19647186244,3,0.09
1,2025-07-21 09:03:44.333491,1111111151150,3,27.28
1,2025-07-21 09:03:44.536724,1111111151150,3,27.45
1,2025-07-21 09:03:44.739938,1111111151150,3,27.35
1,2025-07-21 09:03:44.942712,1111111151150,3,27.92
1,2025-07-21 09:03:45.145527,1111111151150,3,15.99
1,2025-07-21 09:03:45.348099,1111111151150,3,12.64
1,2025-07-21 09:03:45.551302,1111111151150,3,10.55
1,2025-07-21 09:03:45.754912,1111111151150,3,6.46
1,2025-07-21 09:03:45.957442,1111111151150,3,1.61
1,2025-07-21 09:03:46.159874,1111111151150,3,-0.42
1,2025-07-21 09:03:55.845795,19645782,3,22.65
1,2025-07-21 09:03:56.048829,19645782,3,25.48
1,2025-07-21 09:03:56.251989,19645782,3,25.45
1,2025-07-21 09:03:56.454779,19645782,3,24.3
1,2025-07-21 09:03:56.657327,19645782,3,12.88
1,2025-07-21 09:03:56.859998,19645782,3,9.41
1,2025-07-21 09:03:57.062504,19645782,3,6.81
1,2025-07-21 09:03:57.265763,19645782,3,6.31
1,2025-07-21 09:03:57.468525,19645782,3,2.56
1,2025-07-21 09:03:57.671671,19645782,3,0.21
1,2025-07-21 09:04:04.618185,1111110252252,3,22.83
1,2025-07-21 09:04:04.820740,1111110252252,3,25.73
1,2025-07-21 09:04:05.024565,1111110252252,3,25.2
1,2025-07-21 09:04:05.228494,1111110252252,3,20.05
1,2025-07-21 09:04:05.432240,1111110252252,3,11.55
1,2025-07-21 09:04:05.635817,1111110252252,3,12.18
1,2025-07-21 09:04:05.839423,1111110252252,3,11.18
1,2025-07-21 09:04:06.043241,1111110252252,3,5.14
1,2025-07-21 09:04:06.247223,1111110252252,3,2.73
1,2025-07-21 09:04:06.450694,1111110252252,3,0.29
1,2025-07-21 09:06:21.597845,1111111134135,3,26.54
1,2025-07-21 09:06:21.802159,1111111134135,3,27.3
1,2025-07-21 09:06:22.005448,1111111134135,3,26.42
1,2025-07-21 09:06:22.208793,1111111134135,3,26.46
1,2025-07-21 09:06:22.412831,1111111134135,3,26.76
1,2025-07-21 09:06:22.615412,1111111134135,3,28.63
1,2025-07-21 09:06:22.818009,1111111134135,3,29.33
1,2025-07-21 09:06:23.020563,1111111134135,3,36.17
1,2025-07-21 09:06:23.223135,1111111134135,3,34.28
1,2025-07-21 09:06:23.429289,1111111134135,3,16.4
1,2025-07-21 09:06:25.656310,1111110252252,3,27.0
1,2025-07-21 09:06:25.859906,1111110252252,3,37.23
1,2025-07-21 09:06:26.063751,1111110252252,3,46.07
1,2025-07-21 09:06:26.267473,1111110252252,3,26.94
1,2025-07-21 09:06:26.471198,1111110252252,3,30.56
1,2025-07-21 09:06:26.674630,1111110252252,3,33.02
1,2025-07-21 09:06:26.877512,1111110252252,3,22.77
1,2025-07-21 09:06:27.080219,1111110252252,3,25.11
1,2025-07-21 09:06:27.286193,1111110252252,3,26.84
1,2025-07-21 09:06:27.489865,1111110252252,3,26.76
1,2025-07-21 09:08:39.313552,19644148217,3,25.81
1,2025-07-21 09:08:39.516708,19644148217,3,25.56
1,2025-07-21 09:08:39.720130,19644148217,3,24.1
1,2025-07-21 09:08:39.922962,19644148217,3,9.97
1,2025-07-21 09:08:40.126058,19644148217,3,10.71
1,2025-07-21 09:08:40.329005,19644148217,3,9.03
1,2025-07-21 09:08:40.532760,19644148217,3,5.75
1,2025-07-21 09:08:40.737504,19644148217,3,3.49
1,2025-07-21 09:08:40.941380,19644148217,3,1.15
1,2025-07-21 09:08:41.144572,19644148217,3,0.8
1,2025-07-21 09:10:21.601076,19647186244,3,25.68
1,2025-07-21 09:10:21.803663,19647186244,3,20.65
1,2025-07-21 09:10:22.007606,19647186244,3,10.56
1,2025-07-21 09:10:22.211417,19647186244,3,8.84
1,2025-07-21 09:10:22.414538,19647186244,3,4.78
1,2025-07-21 09:10:22.617792,19647186244,3,3.25
1,2025-07-21 09:10:22.823358,19647186244,3,-0.07
1,2025-07-21 09:10:23.026666,19647186244,3,-0.38
1,2025-07-21 09:10:23.229732,19647186244,3,-0.11
1,2025-07-21 09:10:23.432717,19647186244,3,-0.03
1,2025-07-21 09:12:54.267786,1111111151150,3,24.12
1,2025-07-21 09:12:54.470854,1111111151150,3,28.05
1,2025-07-21 09:12:54.675293,1111111151150,3,27.04
1,2025-07-21 09:12:54.879571,1111111151150,3,17.71
1,2025-07-21 09:12:55.082222,1111111151150,3,13.48
1,2025-07-21 09:12:55.286029,1111111151150,3,13.76
1,2025-07-21 09:12:55.488501,1111111151150,3,8.34
1,2025-07-21 09:12:55.691126,1111111151150,3,3.23
1,2025-07-21 09:12:55.895194,1111111151150,3,-0.65
1,2025-07-21 09:12:56.099098,1111111151150,3,-1.24
1,2025-07-21 09:13:58.432183,1111111151150,3,27.77
1,2025-07-21 09:13:58.635607,1111111151150,3,27.33
1,2025-07-21 09:13:58.839388,1111111151150,3,26.74
1,2025-07-21 09:13:59.042017,1111111151150,3,15.8
1,2025-07-21 09:13:59.245371,1111111151150,3,15.59
1,2025-07-21 09:13:59.448498,1111111151150,3,7.51
1,2025-07-21 09:13:59.651867,1111111151150,3,2.3
1,2025-07-21 09:13:59.855030,1111111151150,3,0.28
1,2025-07-21 09:14:00.058273,1111111151150,3,0.81
1,2025-07-21 09:14:00.261240,1111111151150,3,0.32
1,2025-07-21 09:15:04.499444,19644148217,3,26.28
1,2025-07-21 09:15:04.702447,19644148217,3,25.61
1,2025-07-21 09:15:04.905400,19644148217,3,23.5
1,2025-07-21 09:15:05.108204,19644148217,3,8.95
1,2025-07-21 09:15:05.311641,19644148217,3,7.87
1,2025-07-21 09:15:05.514919,19644148217,3,3.99
1,2025-07-21 09:15:05.718500,19644148217,3,5.89
1,2025-07-21 09:15:05.921302,19644148217,3,1.55
1,2025-07-21 09:15:06.124263,19644148217,3,1.34
1,2025-07-21 09:15:06.328131,19644148217,3,1.09
1,2025-07-21 09:21:05.461972,1111110252252,3,26.82
1,2025-07-21 09:21:05.664344,1111110252252,3,26.19
1,2025-07-21 09:21:05.867007,1111110252252,3,26.03
1,2025-07-21 09:21:06.070220,1111110252252,3,20.72
1,2025-07-21 09:21:06.273145,1111110252252,3,15.59
1,2025-07-21 09:21:06.476992,1111110252252,3,12.49
1,2025-07-21 09:21:06.679631,1111110252252,3,15.28
1,2025-07-21 09:21:06.882442,1111110252252,3,11.58
1,2025-07-21 09:21:07.085351,1111110252252,3,2.66
1,2025-07-21 09:21:07.288481,1111110252252,3,1.05
1,2025-07-21 09:21:10.603355,1111110209209,3,24.86
1,2025-07-21 09:21:10.806248,1111110209209,3,26.07
1,2025-07-21 09:21:11.009201,1111110209209,3,23.86
1,2025-07-21 09:21:11.211861,1111110209209,3,18.07
1,2025-07-21 09:21:11.415752,1111110209209,3,11.79
1,2025-07-21 09:21:11.619495,1111110209209,3,15.05
1,2025-07-21 09:21:11.823501,1111110209209,3,12.81
1,2025-07-21 09:21:12.026858,1111110209209,3,12.45
1,2025-07-21 09:21:12.230803,1111110209209,3,8.34
1,2025-07-21 09:21:12.434811,1111110209209,3,6.56
1,2025-07-21 09:35:12.604370,19644148217,3,26.15
1,2025-07-21 09:35:12.808061,19644148217,3,25.87
1,2025-07-21 09:35:13.012016,19644148217,3,26.03
1,2025-07-21 09:35:13.216093,19644148217,3,14.67
1,2025-07-21 09:35:13.420417,19644148217,3,11.6
1,2025-07-21 09:35:13.623731,19644148217,3,10.4
1,2025-07-21 09:35:13.826831,19644148217,3,9.73
1,2025-07-21 09:35:14.030598,19644148217,3,6.04
1,2025-07-21 09:35:14.234361,19644148217,3,3.93
1,2025-07-21 09:35:14.436895,19644148217,3,1.12
1,2025-07-21 09:36:58.012750,1111110209209,3,26.11
1,2025-07-21 09:36:58.216075,1111110209209,3,26.35
1,2025-07-21 09:36:58.419171,1111110209209,3,25.64
1,2025-07-21 09:36:58.623420,1111110209209,3,19.2
1,2025-07-21 09:36:58.828338,1111110209209,3,11.65
1,2025-07-21 09:36:59.031333,1111110209209,3,13.09
1,2025-07-21 09:36:59.234517,1111110209209,3,7.45
1,2025-07-21 09:36:59.438417,1111110209209,3,6.6
1,2025-07-21 09:36:59.642310,1111110209209,3,2.38
1,2025-07-21 09:36:59.844997,1111110209209,3,0.43
1,2025-07-21 09:39:12.401157,19644148217,3,24.99
1,2025-07-21 09:39:12.604977,19644148217,3,25.62
1,2025-07-21 09:39:12.808781,19644148217,3,23.46
1,2025-07-21 09:39:13.012612,19644148217,3,18.95
1,2025-07-21 09:39:13.215235,19644148217,3,7.92
1,2025-07-21 09:39:13.417975,19644148217,3,5.4
1,2025-07-21 09:39:13.621775,19644148217,3,0.91
1,2025-07-21 09:39:13.825569,19644148217,3,0.11
1,2025-07-21 09:39:14.029245,19644148217,3,0.22
1,2025-07-21 09:39:14.231920,19644148217,3,0.17
1,2025-07-21 09:41:44.601301,1111110209209,3,23.4
1,2025-07-21 09:41:44.804071,1111110209209,3,26.36
1,2025-07-21 09:41:45.007945,1111110209209,3,26.97
1,2025-07-21 09:41:45.210407,1111110209209,3,26.68
1,2025-07-21 09:41:45.414228,1111110209209,3,27.38
1,2025-07-21 09:41:45.616787,1111110209209,3,26.61
1,2025-07-21 09:41:45.820282,1111110209209,3,26.36
1,2025-07-21 09:41:46.024165,1111110209209,3,26.63
1,2025-07-21 09:41:46.228029,1111110209209,3,26.5
1,2025-07-21 09:41:46.430870,1111110209209,3,26.54
1,2025-07-21 09:41:47.018669,1111110209209,3,25.68
1,2025-07-21 09:41:47.221654,1111110209209,3,25.84
1,2025-07-21 09:41:47.424394,1111110209209,3,14.12
1,2025-07-21 09:41:47.626987,1111110209209,3,15.71
1,2025-07-21 09:41:47.829579,1111110209209,3,14.45
1,2025-07-21 09:41:48.032128,1111110209209,3,14.63
1,2025-07-21 09:41:48.235768,1111110209209,3,10.88
1,2025-07-21 09:41:48.439712,1111110209209,3,6.05
1,2025-07-21 09:41:48.643194,1111110209209,3,1.4
1,2025-07-21 09:41:48.845885,1111110209209,3,0.02
1,2025-07-21 09:44:05.550251,19644148217,3,26.5
1,2025-07-21 09:44:05.753893,19644148217,3,24.07
1,2025-07-21 09:44:05.957657,19644148217,3,17.27
1,2025-07-21 09:44:06.160179,19644148217,3,10.58
1,2025-07-21 09:44:06.362784,19644148217,3,6.92
1,2025-07-21 09:44:06.565370,19644148217,3,5.75
1,2025-07-21 09:44:06.768063,19644148217,3,4.35
1,2025-07-21 09:44:06.970913,19644148217,3,0.71
1,2025-07-21 09:44:07.174013,19644148217,3,0.56
1,2025-07-21 09:44:07.376587,19644148217,3,0.42
1,2025-07-21 09:44:58.676375,1111111151150,3,25.23
1,2025-07-21 09:44:58.878781,1111111151150,3,23.66
1,2025-07-21 09:44:59.082442,1111111151150,3,27.51
1,2025-07-21 09:44:59.286259,1111111151150,3,28.58
1,2025-07-21 09:44:59.489649,1111111151150,3,28.35
1,2025-07-21 09:44:59.692701,1111111151150,3,30.78
1,2025-07-21 09:44:59.895378,1111111151150,3,28.62
1,2025-07-21 09:45:00.098440,1111111151150,3,28.95
1,2025-07-21 09:45:00.301041,1111111151150,3,28.17
1,2025-07-21 09:45:00.504757,1111111151150,3,28.27
1,2025-07-21 09:45:06.842049,1111110209209,3,22.7
1,2025-07-21 09:45:07.045633,1111110209209,3,25.48
1,2025-07-21 09:45:07.248319,1111110209209,3,26.55
1,2025-07-21 09:45:07.452193,1111110209209,3,23.2
1,2025-07-21 09:45:07.655958,1111110209209,3,10.53
1,2025-07-21 09:45:07.859574,1111110209209,3,9.4
1,2025-07-21 09:45:08.062227,1111110209209,3,5.16
1,2025-07-21 09:45:08.265591,1111110209209,3,0.01
1,2025-07-21 09:45:08.468872,1111110209209,3,-1.31
1,2025-07-21 09:45:08.671750,1111110209209,3,-1.74
1,2025-07-21 09:48:13.444075,19645782,3,25.44
1,2025-07-21 09:48:13.647653,19645782,3,24.88
1,2025-07-21 09:48:13.851460,19645782,3,24.13
1,2025-07-21 09:48:14.055362,19645782,3,16.36
1,2025-07-21 09:48:14.258069,19645782,3,15.59
1,2025-07-21 09:48:14.460942,19645782,3,11.26
1,2025-07-21 09:48:14.664013,19645782,3,6.2
1,2025-07-21 09:48:14.866950,19645782,3,4.0
1,2025-07-21 09:48:15.070262,19645782,3,0.25
1,2025-07-21 09:48:15.273233,19645782,3,0.36
1,2025-07-21 09:49:55.595989,1111111134135,3,23.4
1,2025-07-21 09:49:55.799794,1111111134135,3,26.73
1,2025-07-21 09:49:56.002271,1111111134135,3,26.24
1,2025-07-21 09:49:56.205249,1111111134135,3,26.49
1,2025-07-21 09:49:56.409276,1111111134135,3,26.04
1,2025-07-21 09:49:56.613062,1111111134135,3,10.63
1,2025-07-21 09:49:56.816868,1111111134135,3,11.52
1,2025-07-21 09:49:57.019516,1111111134135,3,7.77
1,2025-07-21 09:49:57.223473,1111111134135,3,4.01
1,2025-07-21 09:49:57.426419,1111111134135,3,2.41
1,2025-07-21 09:54:56.938301,1111110252252,3,27.77
1,2025-07-21 09:54:57.140856,1111110252252,3,26.29
1,2025-07-21 09:54:57.344173,1111110252252,3,26.43
1,2025-07-21 09:54:57.547321,1111110252252,3,26.57
1,2025-07-21 09:54:57.750330,1111110252252,3,26.99
1,2025-07-21 09:54:57.952935,1111110252252,3,26.05
1,2025-07-21 09:54:58.158258,1111110252252,3,26.98
1,2025-07-21 09:54:58.360885,1111110252252,3,26.39
1,2025-07-21 09:54:58.563695,1111110252252,3,27.24
1,2025-07-21 09:54:58.766323,1111110252252,3,26.44
1,2025-07-21 09:56:33.393333,19647186244,3,25.85
1,2025-07-21 09:56:33.597086,19647186244,3,25.54
1,2025-07-21 09:56:33.799681,19647186244,3,10.19
1,2025-07-21 09:56:34.002497,19647186244,3,10.35
1,2025-07-21 09:56:34.205438,19647186244,3,3.14
1,2025-07-21 09:56:34.408149,19647186244,3,-0.07
1,2025-07-21 09:56:34.610803,19647186244,3,0.27
1,2025-07-21 09:56:34.813969,19647186244,3,0.51
1,2025-07-21 09:56:35.016786,19647186244,3,0.0
1,2025-07-21 09:56:35.219761,19647186244,3,-0.01
1,2025-07-21 09:56:48.513418,1111110252252,3,26.73
1,2025-07-21 09:56:48.716754,1111110252252,3,26.17
1,2025-07-21 09:56:48.920767,1111110252252,3,23.01
1,2025-07-21 09:56:49.124531,1111110252252,3,15.2
1,2025-07-21 09:56:49.328162,1111110252252,3,12.25
1,2025-07-21 09:56:49.531952,1111110252252,3,12.33
1,2025-07-21 09:56:49.735110,1111110252252,3,7.47
1,2025-07-21 09:56:49.937750,1111110252252,3,1.0
1,2025-07-21 09:56:50.140285,1111110252252,3,1.97
1,2025-07-21 09:56:50.344270,1111110252252,3,-0.24
1,2025-07-21 10:01:43.903481,19647186244,3,24.68
1,2025-07-21 10:01:44.107437,19647186244,3,25.35
1,2025-07-21 10:01:44.311529,19647186244,3,22.26
1,2025-07-21 10:01:44.516011,19647186244,3,12.03
1,2025-07-21 10:01:44.719859,19647186244,3,12.43
1,2025-07-21 10:01:44.922957,19647186244,3,9.7
1,2025-07-21 10:01:45.126229,19647186244,3,3.38
1,2025-07-21 10:01:45.330584,19647186244,3,0.46
1,2025-07-21 10:01:45.534688,19647186244,3,0.08
1,2025-07-21 10:01:45.738597,19647186244,3,0.01
1,2025-07-21 10:06:30.351301,19647186244,3,25.91
1,2025-07-21 10:06:30.554790,19647186244,3,24.28
1,2025-07-21 10:06:30.758250,19647186244,3,9.31
1,2025-07-21 10:06:30.961202,19647186244,3,9.54
1,2025-07-21 10:06:31.165665,19647186244,3,4.71
1,2025-07-21 10:06:31.369090,19647186244,3,0.69
1,2025-07-21 10:06:31.572479,19647186244,3,0.37
1,2025-07-21 10:06:31.776431,19647186244,3,0.65
1,2025-07-21 10:06:31.980006,19647186244,3,0.7
1,2025-07-21 10:06:32.182936,19647186244,3,0.11
1,2025-07-21 10:09:38.752927,19644148217,3,26.58
1,2025-07-21 10:09:38.955624,19644148217,3,26.51
1,2025-07-21 10:09:39.158040,19644148217,3,26.47
1,2025-07-21 10:09:39.361357,19644148217,3,26.15
1,2025-07-21 10:09:39.564108,19644148217,3,26.24
1,2025-07-21 10:09:39.766637,19644148217,3,26.03
1,2025-07-21 10:09:39.969297,19644148217,3,26.8
1,2025-07-21 10:09:40.172116,19644148217,3,26.31
1,2025-07-21 10:09:40.376776,19644148217,3,26.27
1,2025-07-21 10:09:40.580397,19644148217,3,26.5
1,2025-07-21 11:16:38.397906,19645782,3,25.51
1,2025-07-21 11:16:38.601708,19645782,3,24.79
1,2025-07-21 11:16:38.804354,19645782,3,26.2
1,2025-07-21 11:16:39.008295,19645782,3,17.91
1,2025-07-21 11:16:39.211982,19645782,3,9.8
1,2025-07-21 11:16:39.415517,19645782,3,11.03
1,2025-07-21 11:16:39.618504,19645782,3,6.24
1,2025-07-21 11:16:39.822244,19645782,3,3.83
1,2025-07-21 11:16:40.025585,19645782,3,2.47
1,2025-07-21 11:16:40.228986,19645782,3,0.49
1,2025-07-21 11:16:58.095684,1111111134135,3,26.53
1,2025-07-21 11:16:58.299307,1111111134135,3,26.48
1,2025-07-21 11:16:58.503052,1111111134135,3,26.42
1,2025-07-21 11:16:58.706859,1111111134135,3,21.95
1,2025-07-21 11:16:58.910707,1111111134135,3,16.38
1,2025-07-21 11:16:59.114460,1111111134135,3,14.74
1,2025-07-21 11:16:59.318319,1111111134135,3,9.55
1,2025-07-21 11:16:59.520951,1111111134135,3,4.39
1,2025-07-21 11:16:59.724772,1111111134135,3,6.49
1,2025-07-21 11:16:59.927285,1111111134135,3,0.82
1,2025-07-21 11:17:18.646150,19645782,3,24.57
1,2025-07-21 11:17:18.849613,19645782,3,25.58
1,2025-07-21 11:17:19.052070,19645782,3,24.74
1,2025-07-21 11:17:19.255870,19645782,3,18.08
1,2025-07-21 11:17:19.459632,19645782,3,8.17
1,2025-07-21 11:17:19.662429,19645782,3,6.52
1,2025-07-21 11:17:19.865453,19645782,3,2.59
1,2025-07-21 11:17:20.069305,19645782,3,0.05
1,2025-07-21 11:17:20.272323,19645782,3,0.33
1,2025-07-21 11:17:20.475931,19645782,3,0.25
1,2025-07-21 11:17:24.399414,1111111151150,3,27.56
1,2025-07-21 11:17:24.602450,1111111151150,3,27.18
1,2025-07-21 11:17:24.806418,1111111151150,3,26.25
1,2025-07-21 11:17:25.010104,1111111151150,3,22.38
1,2025-07-21 11:17:25.213979,1111111151150,3,14.64
1,2025-07-21 11:17:25.417231,1111111151150,3,8.3
1,2025-07-21 11:17:25.619851,1111111151150,3,4.07
1,2025-07-21 11:17:25.822537,1111111151150,3,0.88
1,2025-07-21 11:17:26.026417,1111111151150,3,0.14
1,2025-07-21 11:17:26.230347,1111111151150,3,0.09
1,2025-07-21 11:19:36.563398,19644148217,3,25.53
1,2025-07-21 11:19:36.766086,19644148217,3,25.23
1,2025-07-21 11:19:36.969012,19644148217,3,23.14
1,2025-07-21 11:19:37.172860,19644148217,3,9.24
1,2025-07-21 11:19:37.376663,19644148217,3,9.64
1,2025-07-21 11:19:37.580510,19644148217,3,6.04
1,2025-07-21 11:19:37.784276,19644148217,3,4.5
1,2025-07-21 11:19:37.987746,19644148217,3,0.52
1,2025-07-21 11:19:38.190895,19644148217,3,0.47
1,2025-07-21 11:19:38.393565,19644148217,3,0.63
1,2025-07-21 11:27:22.220141,1111110252252,3,24.03
1,2025-07-21 11:27:22.423228,1111110252252,3,25.95
1,2025-07-21 11:27:22.626153,1111110252252,3,26.18
1,2025-07-21 11:27:22.829152,1111110252252,3,23.37
1,2025-07-21 11:27:23.032471,1111110252252,3,24.45
1,2025-07-21 11:27:23.235306,1111110252252,3,13.24
1,2025-07-21 11:27:23.438261,1111110252252,3,14.55
1,2025-07-21 11:27:23.641206,1111110252252,3,12.56
1,2025-07-21 11:27:23.844123,1111110252252,3,10.18
1,2025-07-21 11:27:24.047725,1111110252252,3,22.17
1,2025-07-21 11:27:24.855412,19644148217,3,26.18
1,2025-07-21 11:27:25.059201,19644148217,3,25.34
1,2025-07-21 11:27:25.263095,19644148217,3,22.31
1,2025-07-21 11:27:25.466637,19644148217,3,22.65
1,2025-07-21 11:27:25.670585,19644148217,3,9.98
1,2025-07-21 11:27:25.873468,19644148217,3,7.29
1,2025-07-21 11:27:26.076234,19644148217,3,5.18
1,2025-07-21 11:27:26.279397,19644148217,3,1.44
1,2025-07-21 11:27:26.483149,19644148217,3,0.54
1,2025-07-21 11:27:26.686466,19644148217,3,0.23
1,2025-07-21 11:31:07.018308,1111111151150,3,21.62
1,2025-07-21 11:31:07.221198,1111111151150,3,27.83
1,2025-07-21 11:31:07.423848,1111111151150,3,27.5
1,2025-07-21 11:31:07.626273,1111111151150,3,27.02
1,2025-07-21 11:31:07.830081,1111111151150,3,14.47
1,2025-07-21 11:31:08.033841,1111111151150,3,17.84
1,2025-07-21 11:31:08.237545,1111111151150,3,14.13
1,2025-07-21 11:31:08.440622,1111111151150,3,4.37
1,2025-07-21 11:31:08.643626,1111111151150,3,1.49
1,2025-07-21 11:31:08.846610,1111111151150,3,0.41
1,2025-07-21 11:31:16.184021,1111110209209,3,25.56
1,2025-07-21 11:31:16.387924,1111110209209,3,10.15
1,2025-07-21 11:31:16.591736,1111110209209,3,11.57
1,2025-07-21 11:31:16.795561,1111110209209,3,5.62
1,2025-07-21 11:31:16.999578,1111110209209,3,3.82
1,2025-07-21 11:31:17.203595,1111110209209,3,0.83
1,2025-07-21 11:31:17.406261,1111110209209,3,8.34
1,2025-07-21 11:31:17.609598,1111110209209,3,15.67
1,2025-07-21 11:31:17.813154,1111110209209,3,17.99
1,2025-07-21 11:31:18.016813,1111110209209,3,24.42
1,2025-07-21 11:34:08.112045,19645782,3,26.12
1,2025-07-21 11:34:08.314806,19645782,3,24.83
1,2025-07-21 11:34:08.518238,19645782,3,24.57
1,2025-07-21 11:34:08.722009,19645782,3,12.85
1,2025-07-21 11:34:08.926165,19645782,3,9.53
1,2025-07-21 11:34:09.129269,19645782,3,11.71
1,2025-07-21 11:34:09.333720,19645782,3,8.2
1,2025-07-21 11:34:09.536530,19645782,3,5.32
1,2025-07-21 11:34:09.739982,19645782,3,6.96
1,2025-07-21 11:34:09.943970,19645782,3,3.12
1,2025-07-21 11:34:41.078966,1111110252252,3,26.26
1,2025-07-21 11:34:41.282767,1111110252252,3,25.28
1,2025-07-21 11:34:41.486472,1111110252252,3,24.84
1,2025-07-21 11:34:41.690094,1111110252252,3,15.19
1,2025-07-21 11:34:41.893640,1111110252252,3,11.23
1,2025-07-21 11:34:42.096698,1111110252252,3,13.52
1,2025-07-21 11:34:42.300244,1111110252252,3,8.74
1,2025-07-21 11:34:42.504748,1111110252252,3,10.12
1,2025-07-21 11:34:42.708656,1111110252252,3,16.7
1,2025-07-21 11:34:42.912545,1111110252252,3,20.41
1,2025-07-21 11:34:47.200256,1111110209209,3,0.1
1,2025-07-21 11:34:47.403057,1111110209209,3,0.14
1,2025-07-21 11:34:47.607342,1111110209209,3,0.15
1,2025-07-21 11:34:47.811883,1111110209209,3,0.15
1,2025-07-21 11:34:48.015591,1111110209209,3,0.19
1,2025-07-21 11:34:48.220195,1111110209209,3,0.16
1,2025-07-21 11:34:48.423546,1111110209209,3,0.18
1,2025-07-21 11:34:48.627179,1111110209209,3,0.11
1,2025-07-21 11:34:48.830610,1111110209209,3,0.16
1,2025-07-21 11:34:49.034304,1111110209209,3,0.11
1,2025-07-21 11:35:04.665993,19644148217,3,26.22
1,2025-07-21 11:35:04.869439,19644148217,3,26.16
1,2025-07-21 11:35:05.072188,19644148217,3,20.32
1,2025-07-21 11:35:05.275094,19644148217,3,8.36
1,2025-07-21 11:35:05.479320,19644148217,3,8.84
1,2025-07-21 11:35:05.682040,19644148217,3,7.32
1,2025-07-21 11:35:05.884764,19644148217,3,5.94
1,2025-07-21 11:35:06.088590,19644148217,3,3.84
1,2025-07-21 11:35:06.292535,19644148217,3,0.55
1,2025-07-21 11:35:06.495556,19644148217,3,0.44
1,2025-07-21 11:37:05.406080,19647186244,3,16.14
1,2025-07-21 11:37:05.609189,19647186244,3,10.98
1,2025-07-21 11:37:05.813550,19647186244,3,8.36
1,2025-07-21 11:37:06.016557,19647186244,3,4.12
1,2025-07-21 11:37:06.219748,19647186244,3,0.89
1,2025-07-21 11:37:06.423681,19647186244,3,0.26
1,2025-07-21 11:37:06.629448,19647186244,3,0.3
1,2025-07-21 11:37:06.832971,19647186244,3,0.76
1,2025-07-21 11:37:07.036861,19647186244,3,0.49
1,2025-07-21 11:37:07.239946,19647186244,3,0.2
1,2025-07-21 11:39:28.083895,1111110209209,3,26.36
1,2025-07-21 11:39:28.287483,1111110209209,3,25.73
1,2025-07-21 11:39:28.490761,1111110209209,3,22.13
1,2025-07-21 11:39:28.694397,1111110209209,3,8.72
1,2025-07-21 11:39:28.897331,1111110209209,3,9.77
1,2025-07-21 11:39:29.100232,1111110209209,3,5.78
1,2025-07-21 11:39:29.303291,1111110209209,3,0.49
1,2025-07-21 11:39:29.506468,1111110209209,3,0.27
1,2025-07-21 11:39:29.709714,1111110209209,3,0.87
1,2025-07-21 11:39:29.912513,1111110209209,3,1.08
1,2025-07-21 11:46:34.506441,19647186244,3,13.11
1,2025-07-21 11:46:34.710243,19647186244,3,9.78
1,2025-07-21 11:46:34.913854,19647186244,3,6.32
1,2025-07-21 11:46:35.117719,19647186244,3,1.03
1,2025-07-21 11:46:35.320513,19647186244,3,0.31
1,2025-07-21 11:46:35.523801,19647186244,3,1.04
1,2025-07-21 11:46:35.727030,19647186244,3,0.84
1,2025-07-21 11:46:35.929912,19647186244,3,0.11
1,2025-07-21 11:46:36.132660,19647186244,3,0.09
1,2025-07-21 11:46:36.336232,19647186244,3,0.06
1,2025-07-21 11:46:48.308029,1111110209209,3,25.1
1,2025-07-21 11:46:48.511851,1111110209209,3,25.45
1,2025-07-21 11:46:48.715064,1111110209209,3,24.25
1,2025-07-21 11:46:48.917910,1111110209209,3,11.36
1,2025-07-21 11:46:49.120800,1111110209209,3,11.06
1,2025-07-21 11:46:49.324551,1111110209209,3,6.88
1,2025-07-21 11:46:49.527615,1111110209209,3,2.32
1,2025-07-21 11:46:49.730922,1111110209209,3,0.37
1,2025-07-21 11:46:49.933635,1111110209209,3,1.54
1,2025-07-21 11:46:50.136699,1111110209209,3,0.64
1,2025-07-21 11:47:47.339039,19647231169,5,0
1,2025-07-21 11:49:48.013228,19647231169,5,0
1,2025-07-21 11:50:03.293295,1111110209209,3,26.36
1,2025-07-21 11:50:03.496237,1111110209209,3,25.41
1,2025-07-21 11:50:03.699293,1111110209209,3,23.09
1,2025-07-21 11:50:03.902096,1111110209209,3,13.64
1,2025-07-21 11:50:04.105169,1111110209209,3,11.63
1,2025-07-21 11:50:04.309131,1111110209209,3,10.2
1,2025-07-21 11:50:04.511808,1111110209209,3,4.63
1,2025-07-21 11:50:04.714766,1111110209209,3,3.97
1,2025-07-21 11:50:04.917751,1111110209209,3,0.76
1,2025-07-21 11:50:05.121810,1111110209209,3,1.09
1,2025-07-21 11:51:28.247805,19647186244,3,24.7
1,2025-07-21 11:51:28.451556,19647186244,3,15.32
1,2025-07-21 11:51:28.655795,19647186244,3,10.84
1,2025-07-21 11:51:28.859439,19647186244,3,4.94
1,2025-07-21 11:51:29.063264,19647186244,3,1.67
1,2025-07-21 11:51:29.266707,19647186244,3,0.79
1,2025-07-21 11:51:29.469557,19647186244,3,0.09
1,2025-07-21 11:51:29.673391,19647186244,3,0.02
1,2025-07-21 11:51:29.877017,19647186244,3,0.25
1,2025-07-21 11:51:30.080736,19647186244,3,0.09
1,2025-07-21 11:56:46.671713,1111110209209,3,27.19
1,2025-07-21 11:56:46.874660,1111110209209,3,26.27
1,2025-07-21 11:56:47.077260,1111110209209,3,13.8
1,2025-07-21 11:56:47.281105,1111110209209,3,11.53
1,2025-07-21 11:56:47.484998,1111110209209,3,4.96
1,2025-07-21 11:56:47.688213,1111110209209,3,1.5
1,2025-07-21 11:56:47.892100,1111110209209,3,0.61
1,2025-07-21 11:56:48.096100,1111110209209,3,0.64
1,2025-07-21 11:56:48.299921,1111110209209,3,0.57
1,2025-07-21 11:56:48.503530,1111110209209,3,0.31
1,2025-07-21 11:56:54.277674,19647186244,3,25.63
1,2025-07-21 11:56:54.481467,19647186244,3,25.43
1,2025-07-21 11:56:54.685088,19647186244,3,22.75
1,2025-07-21 11:56:54.889742,19647186244,3,9.26
1,2025-07-21 11:56:55.094338,19647186244,3,9.19
1,2025-07-21 11:56:55.298457,19647186244,3,5.48
1,2025-07-21 11:56:55.501603,19647186244,3,0.24
1,2025-07-21 11:56:55.704639,19647186244,3,0.58
1,2025-07-21 11:56:55.907463,19647186244,3,0.86
1,2025-07-21 11:56:56.110085,19647186244,3,0.89
initialize,2025-07-21 12:14:24.375266,0,3,0.05
1,2025-07-21 12:14:46.114420,1111110252252,5,26.1
1,2025-07-21 12:15:13.452842,196471892,5,27.4
1,2025-07-21 12:15:26.154856,19644148217,5,25.8
1,2025-07-21 12:15:41.691452,19645782,5,25.7
1,2025-07-21 12:15:54.150318,1111110209209,5,26.8
1,2025-07-21 12:16:07.526145,1111111151150,5,27.7
1,2025-07-21 12:16:28.502379,1111111134135,5,26.7
1,2025-07-21 12:16:43.516222,19647186244,5,25.5
initialize,2025-07-21 12:18:46.198729,0,3,-0.05
1,2025-07-21 12:18:46.538180,19647186244,3,-0.06
1,2025-07-21 12:18:46.741376,19647186244,3,-0.07
1,2025-07-21 12:18:46.944716,19647186244,3,-0.02
1,2025-07-21 12:18:47.148510,19647186244,3,-0.05
1,2025-07-21 12:18:47.352429,19647186244,3,-0.03
1,2025-07-21 12:18:47.554922,19647186244,3,0.01
1,2025-07-21 12:18:47.759184,19647186244,3,-0.07
1,2025-07-21 12:18:47.961912,19647186244,3,-0.05
1,2025-07-21 12:18:48.165189,19647186244,3,-0.02
1,2025-07-21 12:18:48.369655,19647186244,3,-0.04
1,2025-07-21 12:20:38.855643,19644148217,3,26.16
1,2025-07-21 12:20:39.059507,19644148217,3,25.7
1,2025-07-21 12:20:39.263343,19644148217,3,21.14
1,2025-07-21 12:20:39.467029,19644148217,3,9.98
1,2025-07-21 12:20:39.670835,19644148217,3,11.31
1,2025-07-21 12:20:39.874029,19644148217,3,5.87
1,2025-07-21 12:20:40.076676,19644148217,3,5.02
1,2025-07-21 12:20:40.280068,19644148217,3,-0.53
1,2025-07-21 12:20:40.483109,19644148217,3,-0.44
1,2025-07-21 12:20:40.687023,19644148217,3,-0.17
1,2025-07-21 12:20:52.507038,1111110209209,3,24.74
1,2025-07-21 12:20:52.710716,1111110209209,3,25.33
1,2025-07-21 12:20:52.913440,1111110209209,3,22.64
1,2025-07-21 12:20:53.118087,1111110209209,3,9.03
1,2025-07-21 12:20:53.321619,1111110209209,3,7.87
1,2025-07-21 12:20:53.525271,1111110209209,3,4.37
1,2025-07-21 12:20:53.729133,1111110209209,3,-0.44
1,2025-07-21 12:20:53.933193,1111110209209,3,-0.4
1,2025-07-21 12:20:54.137113,1111110209209,3,0.02
1,2025-07-21 12:20:54.341127,1111110209209,3,-0.0
1,2025-07-21 12:21:03.556372,1111111151150,3,20.29
1,2025-07-21 12:21:03.760048,1111111151150,3,27.01
1,2025-07-21 12:21:03.963971,1111111151150,3,28.57
1,2025-07-21 12:21:04.167628,1111111151150,3,28.58
1,2025-07-21 12:21:04.371448,1111111151150,3,27.13
1,2025-07-21 12:21:04.573929,1111111151150,3,28.13
1,2025-07-21 12:21:04.778166,1111111151150,3,27.86
1,2025-07-21 12:21:04.982023,1111111151150,3,28.58
1,2025-07-21 12:21:05.184703,1111111151150,3,27.75
1,2025-07-21 12:21:05.388652,1111111151150,3,29.49
1,2025-07-21 12:23:40.822399,1111111134135,3,22.97
1,2025-07-21 12:23:41.026458,1111111134135,3,26.21
1,2025-07-21 12:23:41.230260,1111111134135,3,26.79
1,2025-07-21 12:23:41.434038,1111111134135,3,26.27
1,2025-07-21 12:23:41.637795,1111111134135,3,26.86
1,2025-07-21 12:23:41.840242,1111111134135,3,27.29
1,2025-07-21 12:23:42.042845,1111111134135,3,26.96
1,2025-07-21 12:23:42.245345,1111111134135,3,26.8
1,2025-07-21 12:23:42.449191,1111111134135,3,26.84
1,2025-07-21 12:23:42.651941,1111111134135,3,27.15
1,2025-07-21 12:23:43.239189,1111111134135,3,26.32
1,2025-07-21 12:23:43.442602,1111111134135,3,19.45
1,2025-07-21 12:23:43.646037,1111111134135,3,13.31
1,2025-07-21 12:23:43.849847,1111111134135,3,16.98
1,2025-07-21 12:23:44.053766,1111111134135,3,13.49
1,2025-07-21 12:23:44.257913,1111111134135,3,16.49
1,2025-07-21 12:23:44.461956,1111111134135,3,16.16
1,2025-07-21 12:23:44.665506,1111111134135,3,17.11
1,2025-07-21 12:23:44.869661,1111111134135,3,19.48
1,2025-07-21 12:23:45.074013,1111111134135,3,19.98
1,2025-07-21 12:24:18.759351,19645782,3,25.27
1,2025-07-21 12:24:18.963746,19645782,3,25.35
1,2025-07-21 12:24:19.167631,19645782,3,21.68
1,2025-07-21 12:24:19.371248,19645782,3,14.13
1,2025-07-21 12:24:19.575488,19645782,3,9.31
1,2025-07-21 12:24:19.778863,19645782,3,8.58
1,2025-07-21 12:24:19.982432,19645782,3,6.09
1,2025-07-21 12:24:20.185534,19645782,3,2.69
1,2025-07-21 12:24:20.389760,19645782,3,0.93
1,2025-07-21 12:24:20.593052,19645782,3,0.19
1,2025-07-21 12:24:28.024615,19647186244,3,14.57
1,2025-07-21 12:24:28.227419,19647186244,3,9.11
1,2025-07-21 12:24:28.430218,19647186244,3,8.4
1,2025-07-21 12:24:28.634290,19647186244,3,3.04
1,2025-07-21 12:24:28.838383,19647186244,3,1.53
1,2025-07-21 12:24:29.044657,19647186244,3,-0.26
1,2025-07-21 12:24:29.248273,19647186244,3,-0.8
1,2025-07-21 12:24:29.451945,19647186244,3,-1.15
1,2025-07-21 12:24:29.655927,19647186244,3,-0.63
1,2025-07-21 12:24:29.858760,19647186244,3,-0.12
1,2025-07-21 12:24:47.354818,1111110252252,3,34.66
1,2025-07-21 12:24:47.558545,1111110252252,3,35.13
1,2025-07-21 12:24:47.762559,1111110252252,3,29.12
1,2025-07-21 12:24:47.966631,1111110252252,3,31.67
1,2025-07-21 12:24:48.170348,1111110252252,3,28.16
1,2025-07-21 12:24:48.374301,1111110252252,3,25.07
1,2025-07-21 12:24:48.578100,1111110252252,3,14.53
1,2025-07-21 12:24:48.782105,1111110252252,3,13.26
1,2025-07-21 12:24:48.985878,1111110252252,3,13.32
1,2025-07-21 12:24:49.189665,1111110252252,3,15.93
1,2025-07-21 12:26:14.719859,1111110209209,3,26.59
1,2025-07-21 12:26:14.923361,1111110209209,3,25.63
1,2025-07-21 12:26:15.126691,1111110209209,3,19.79
1,2025-07-21 12:26:15.330063,1111110209209,3,10.04
1,2025-07-21 12:26:15.533205,1111110209209,3,8.83
1,2025-07-21 12:26:15.736325,1111110209209,3,4.29
1,2025-07-21 12:26:15.939831,1111110209209,3,-0.2
1,2025-07-21 12:26:16.142964,1111110209209,3,-0.62
1,2025-07-21 12:26:16.346316,1111110209209,3,-0.97
1,2025-07-21 12:26:16.549390,1111110209209,3,-0.42
1,2025-07-21 12:27:12.831734,19644148217,3,25.79
1,2025-07-21 12:27:13.035618,19644148217,3,25.28
1,2025-07-21 12:27:13.239817,19644148217,3,24.53
1,2025-07-21 12:27:13.444141,19644148217,3,8.27
1,2025-07-21 12:27:13.647532,19644148217,3,8.64
1,2025-07-21 12:27:13.850545,19644148217,3,4.53
1,2025-07-21 12:27:14.053888,19644148217,3,3.81
1,2025-07-21 12:27:14.258279,19644148217,3,0.93
1,2025-07-21 12:27:14.462197,19644148217,3,-0.14
1,2025-07-21 12:27:14.666362,19644148217,3,-0.08
1,2025-07-21 12:29:02.990741,19647186244,3,16.31
1,2025-07-21 12:29:03.193650,19647186244,3,9.83
1,2025-07-21 12:29:03.397832,19647186244,3,3.28
1,2025-07-21 12:29:03.601460,19647186244,3,-1.18
1,2025-07-21 12:29:03.803952,19647186244,3,-0.29
1,2025-07-21 12:29:04.007565,19647186244,3,-0.03
1,2025-07-21 12:29:04.211336,19647186244,3,-0.06
1,2025-07-21 12:29:04.415270,19647186244,3,-0.03
1,2025-07-21 12:29:04.618074,19647186244,3,-0.08
1,2025-07-21 12:29:04.821746,19647186244,3,-0.05
1,2025-07-21 12:29:11.386663,19645782,3,24.76
1,2025-07-21 12:29:11.590639,19645782,3,24.78
1,2025-07-21 12:29:11.794464,19645782,3,23.26
1,2025-07-21 12:29:11.997683,19645782,3,11.61
1,2025-07-21 12:29:12.200943,19645782,3,13.31
1,2025-07-21 12:29:12.404689,19645782,3,10.3
1,2025-07-21 12:29:12.608088,19645782,3,6.13
1,2025-07-21 12:29:12.811828,19645782,3,2.15
1,2025-07-21 12:29:13.015121,19645782,3,-0.47
1,2025-07-21 12:29:13.219180,19645782,3,-1.27
1,2025-07-21 12:29:20.117637,1111111151150,3,22.71
1,2025-07-21 12:29:20.321689,1111111151150,3,28.25
1,2025-07-21 12:29:20.525675,1111111151150,3,27.99
1,2025-07-21 12:29:20.729206,1111111151150,3,28.09
1,2025-07-21 12:29:20.932978,1111111151150,3,30.09
1,2025-07-21 12:29:21.139468,1111111151150,3,30.12
1,2025-07-21 12:29:21.343162,1111111151150,3,27.56
1,2025-07-21 12:29:21.546958,1111111151150,3,27.23
1,2025-07-21 12:29:21.750551,1111111151150,3,27.67
1,2025-07-21 12:29:21.953022,1111111151150,3,30.08
1,2025-07-21 12:35:10.597712,1111111134135,3,26.43
1,2025-07-21 12:35:10.800677,1111111134135,3,26.32
1,2025-07-21 12:35:11.004321,1111111134135,3,15.86
1,2025-07-21 12:35:11.207981,1111111134135,3,12.87
1,2025-07-21 12:35:11.411617,1111111134135,3,9.96
1,2025-07-21 12:35:11.615163,1111111134135,3,6.33
1,2025-07-21 12:35:11.817737,1111111134135,3,3.25
1,2025-07-21 12:35:12.021004,1111111134135,3,-0.22
1,2025-07-21 12:35:12.224985,1111111134135,3,-1.12
1,2025-07-21 12:35:12.428583,1111111134135,3,-0.1
1,2025-07-21 12:38:37.633780,19644148217,3,26.04
1,2025-07-21 12:38:37.837534,19644148217,3,25.25
1,2025-07-21 12:38:38.041309,19644148217,3,13.43
1,2025-07-21 12:38:38.244401,19644148217,3,10.09
1,2025-07-21 12:38:38.448011,19644148217,3,5.48
1,2025-07-21 12:38:38.650885,19644148217,3,4.07
1,2025-07-21 12:38:38.853880,19644148217,3,3.55
1,2025-07-21 12:38:39.057807,19644148217,3,2.71
1,2025-07-21 12:38:39.261588,19644148217,3,-0.29
1,2025-07-21 12:38:39.465446,19644148217,3,0.07
1,2025-07-21 12:39:15.824399,1111111151150,3,23.83
1,2025-07-21 12:39:16.028264,1111111151150,3,13.83
1,2025-07-21 12:39:16.231925,1111111151150,3,13.31
1,2025-07-21 12:39:16.435710,1111111151150,3,13.22
1,2025-07-21 12:39:16.638682,1111111151150,3,14.95
1,2025-07-21 12:39:16.842010,1111111151150,3,14.38
1,2025-07-21 12:39:17.045864,1111111151150,3,13.9
1,2025-07-21 12:39:17.249329,1111111151150,3,13.0
1,2025-07-21 12:39:17.451953,1111111151150,3,12.76
1,2025-07-21 12:39:17.655431,1111111151150,3,13.03
1,2025-07-21 12:39:17.912362,1111111151150,3,28.09
1,2025-07-21 12:39:18.115881,1111111151150,3,27.36
1,2025-07-21 12:39:18.318838,1111111151150,3,19.04
1,2025-07-21 12:39:18.522359,1111111151150,3,12.4
1,2025-07-21 12:39:18.724926,1111111151150,3,11.55
1,2025-07-21 12:39:18.929568,1111111151150,3,11.25
1,2025-07-21 12:39:19.133393,1111111151150,3,0.97
1,2025-07-21 12:39:19.336893,1111111151150,3,-0.42
1,2025-07-21 12:39:19.540543,1111111151150,3,-0.8
1,2025-07-21 12:39:19.744164,1111111151150,3,-0.05
1,2025-07-21 12:41:48.591237,196471892,3,27.07
1,2025-07-21 12:41:48.794911,196471892,3,29.19
1,2025-07-21 12:41:48.998565,196471892,3,13.43
1,2025-07-21 12:41:49.202186,196471892,3,12.78
1,2025-07-21 12:41:49.405650,196471892,3,7.58
1,2025-07-21 12:41:49.609531,196471892,3,0.71
1,2025-07-21 12:41:49.813135,196471892,3,-0.69
1,2025-07-21 12:41:50.015517,196471892,3,-0.47
1,2025-07-21 12:41:50.218018,196471892,3,-0.04
1,2025-07-21 12:41:50.420638,196471892,3,-0.06
1,2025-07-21 12:43:08.509725,19645782,3,24.23
1,2025-07-21 12:43:08.713792,19645782,3,24.71
1,2025-07-21 12:43:08.917546,19645782,3,22.49
1,2025-07-21 12:43:09.121150,19645782,3,16.97
1,2025-07-21 12:43:09.323671,19645782,3,10.39
1,2025-07-21 12:43:09.527233,19645782,3,6.73
1,2025-07-21 12:43:09.731104,19645782,3,3.12
1,2025-07-21 12:43:09.934893,19645782,3,3.08
1,2025-07-21 12:43:10.137966,19645782,3,-0.3
1,2025-07-21 12:43:10.341286,19645782,3,-0.82
1,2025-07-21 12:45:46.796701,19644148217,3,26.38
1,2025-07-21 12:45:47.000476,19644148217,3,24.86
1,2025-07-21 12:45:47.203221,19644148217,3,16.18
1,2025-07-21 12:45:47.408243,19644148217,3,11.17
1,2025-07-21 12:45:47.611064,19644148217,3,7.92
1,2025-07-21 12:45:47.814743,19644148217,3,4.31
1,2025-07-21 12:45:48.018461,19644148217,3,2.18
1,2025-07-21 12:45:48.221426,19644148217,3,-0.55
1,2025-07-21 12:45:48.425303,19644148217,3,-0.13
1,2025-07-21 12:45:48.629142,19644148217,3,-0.06
1,2025-07-21 12:54:55.208280,19647186244,3,25.69
1,2025-07-21 12:54:55.412179,19647186244,3,25.16
1,2025-07-21 12:54:55.615887,19647186244,3,25.81
1,2025-07-21 12:54:55.819583,19647186244,3,18.63
1,2025-07-21 12:54:56.023076,19647186244,3,10.01
1,2025-07-21 12:54:56.225551,19647186244,3,5.37
1,2025-07-21 12:54:56.429106,19647186244,3,0.28
1,2025-07-21 12:54:56.631748,19647186244,3,-0.43
1,2025-07-21 12:54:56.836772,19647186244,3,-0.03
1,2025-07-21 12:54:57.040203,19647186244,3,-0.06
1,2025-07-21 13:00:54.030938,19647186244,3,20.56
1,2025-07-21 13:00:54.234040,19647186244,3,12.09
1,2025-07-21 13:00:54.437868,19647186244,3,13.39
1,2025-07-21 13:00:54.641422,19647186244,3,9.33
1,2025-07-21 13:00:54.845166,19647186244,3,0.5
1,2025-07-21 13:00:55.048137,19647186244,3,0.02
1,2025-07-21 13:00:55.253296,19647186244,3,-0.02
1,2025-07-21 13:00:55.456787,19647186244,3,-0.06
1,2025-07-21 13:00:55.660166,19647186244,3,0.03
1,2025-07-21 13:00:55.863688,19647186244,3,-0.06
1,2025-07-21 13:01:53.101112,19647186244,3,24.13
1,2025-07-21 13:01:53.304877,19647186244,3,17.2
1,2025-07-21 13:01:53.508771,19647186244,3,10.26
1,2025-07-21 13:01:53.712673,19647186244,3,5.92
1,2025-07-21 13:01:53.916297,19647186244,3,2.6
1,2025-07-21 13:01:54.120035,19647186244,3,-0.2
1,2025-07-21 13:01:54.323799,19647186244,3,-0.12
1,2025-07-21 13:01:54.526647,19647186244,3,-0.08
1,2025-07-21 13:01:54.730631,19647186244,3,-0.06
1,2025-07-21 13:01:54.933975,19647186244,3,-0.0
1,2025-07-21 13:10:13.477100,1111110252252,3,24.82
1,2025-07-21 13:10:13.680854,1111110252252,3,25.17
1,2025-07-21 13:10:13.884533,1111110252252,3,24.74
1,2025-07-21 13:10:14.088064,1111110252252,3,20.94
1,2025-07-21 13:10:14.291844,1111110252252,3,12.89
1,2025-07-21 13:10:14.495353,1111110252252,3,15.38
1,2025-07-21 13:10:14.698232,1111110252252,3,11.38
1,2025-07-21 13:10:14.901332,1111110252252,3,5.05
1,2025-07-21 13:10:15.104954,1111110252252,3,1.59
1,2025-07-21 13:10:15.308352,1111110252252,3,-0.34
1,2025-07-21 13:13:35.413450,19644148217,3,23.25
1,2025-07-21 13:13:35.617406,19644148217,3,26.06
1,2025-07-21 13:13:35.821089,19644148217,3,26.03
1,2025-07-21 13:13:36.023963,19644148217,3,25.83
1,2025-07-21 13:13:36.227797,19644148217,3,25.91
1,2025-07-21 13:13:36.430647,19644148217,3,26.43
1,2025-07-21 13:13:36.634430,19644148217,3,25.62
1,2025-07-21 13:13:36.837824,19644148217,3,26.05
1,2025-07-21 13:13:37.041544,19644148217,3,28.01
1,2025-07-21 13:13:37.244744,19644148217,3,27.14
1,2025-07-21 13:21:41.917562,1111111134135,3,23.02
1,2025-07-21 13:21:42.121225,1111111134135,3,27.19
1,2025-07-21 13:21:42.323925,1111111134135,3,26.75
1,2025-07-21 13:21:42.526713,1111111134135,3,26.87
1,2025-07-21 13:21:42.730246,1111111134135,3,27.02
1,2025-07-21 13:21:42.933991,1111111134135,3,26.75
1,2025-07-21 13:21:43.136697,1111111134135,3,26.71
1,2025-07-21 13:21:43.340565,1111111134135,3,26.87
1,2025-07-21 13:21:43.543237,1111111134135,3,26.61
1,2025-07-21 13:21:43.746741,1111111134135,3,26.06
1,2025-07-21 13:21:44.465723,1111111134135,3,26.86
1,2025-07-21 13:21:44.669049,1111111134135,3,25.3
1,2025-07-21 13:21:44.872712,1111111134135,3,24.41
1,2025-07-21 13:21:45.075994,1111111134135,3,12.25
1,2025-07-21 13:21:45.279394,1111111134135,3,9.39
1,2025-07-21 13:21:45.482199,1111111134135,3,3.18
1,2025-07-21 13:21:45.686090,1111111134135,3,4.85
1,2025-07-21 13:21:45.889011,1111111134135,3,-0.16
1,2025-07-21 13:21:46.092904,1111111134135,3,-0.07
1,2025-07-21 13:21:46.296430,1111111134135,3,-0.14
1,2025-07-21 13:29:15.772536,19644148217,3,25.98
1,2025-07-21 13:29:15.976086,19644148217,3,25.04
1,2025-07-21 13:29:16.180024,19644148217,3,15.04
1,2025-07-21 13:29:16.383868,19644148217,3,9.54
1,2025-07-21 13:29:16.587712,19644148217,3,6.25
1,2025-07-21 13:29:16.790657,19644148217,3,3.76
1,2025-07-21 13:29:16.994426,19644148217,3,1.9
1,2025-07-21 13:29:17.197902,19644148217,3,0.02
1,2025-07-21 13:29:17.401586,19644148217,3,-0.01
1,2025-07-21 13:29:17.605098,19644148217,3,0.02
1,2025-07-21 13:39:22.943207,19644148217,3,25.09
1,2025-07-21 13:39:23.146882,19644148217,3,26.04
1,2025-07-21 13:39:23.350036,19644148217,3,21.06
1,2025-07-21 13:39:23.553951,19644148217,3,9.43
1,2025-07-21 13:39:23.757772,19644148217,3,6.45
1,2025-07-21 13:39:23.961420,19644148217,3,4.64
1,2025-07-21 13:39:24.164794,19644148217,3,-0.18
1,2025-07-21 13:39:24.367916,19644148217,3,-0.03
1,2025-07-21 13:39:24.571313,19644148217,3,-0.1
1,2025-07-21 13:39:24.774904,19644148217,3,-0.1
1,2025-07-21 13:43:21.241307,1111110252252,3,25.6
1,2025-07-21 13:43:21.444183,1111110252252,3,25.78
1,2025-07-21 13:43:21.646784,1111110252252,3,23.73
1,2025-07-21 13:43:21.850077,1111110252252,3,13.19
1,2025-07-21 13:43:22.053702,1111110252252,3,10.98
1,2025-07-21 13:43:22.257444,1111110252252,3,11.19
1,2025-07-21 13:43:22.460988,1111110252252,3,3.16
1,2025-07-21 13:43:22.665949,1111110252252,3,-0.56
1,2025-07-21 13:43:22.868824,1111110252252,3,-0.05
1,2025-07-21 13:43:23.072086,1111110252252,3,0.0
1,2025-07-21 13:48:29.681015,19645782,3,25.52
1,2025-07-21 13:48:29.884740,19645782,3,24.98
1,2025-07-21 13:48:30.088478,19645782,3,25.27
1,2025-07-21 13:48:30.292027,19645782,3,10.08
1,2025-07-21 13:48:30.495455,19645782,3,11.12
1,2025-07-21 13:48:30.699002,19645782,3,5.98
1,2025-07-21 13:48:30.901502,19645782,3,4.76
1,2025-07-21 13:48:31.104081,19645782,3,2.8
1,2025-07-21 13:48:31.308062,19645782,3,-0.47
1,2025-07-21 13:48:31.511946,19645782,3,-1.95
1,2025-07-21 13:49:04.207318,1111111151150,3,27.13
1,2025-07-21 13:49:04.411089,1111111151150,3,26.25
1,2025-07-21 13:49:04.614521,1111111151150,3,26.59
1,2025-07-21 13:49:04.818119,1111111151150,3,27.38
1,2025-07-21 13:49:05.021518,1111111151150,3,18.1
1,2025-07-21 13:49:05.224101,1111111151150,3,14.6
1,2025-07-21 13:49:05.427207,1111111151150,3,7.12
1,2025-07-21 13:49:05.631316,1111111151150,3,4.2
1,2025-07-21 13:49:05.834983,1111111151150,3,0.36
1,2025-07-21 13:49:06.041112,1111111151150,3,-0.93
1,2025-07-21 13:53:35.132452,1111111134135,3,26.89
1,2025-07-21 13:53:35.336090,1111111134135,3,25.42
1,2025-07-21 13:53:35.539822,1111111134135,3,26.11
1,2025-07-21 13:53:35.743598,1111111134135,3,11.71
1,2025-07-21 13:53:35.946760,1111111134135,3,14.38
1,2025-07-21 13:53:36.150247,1111111134135,3,8.28
1,2025-07-21 13:53:36.353499,1111111134135,3,3.75
1,2025-07-21 13:53:36.557584,1111111134135,3,-0.02
1,2025-07-21 13:53:36.761710,1111111134135,3,-0.1
1,2025-07-21 13:53:36.966687,1111111134135,3,0.03
1,2025-07-21 13:57:09.115519,19644148217,3,25.14
1,2025-07-21 13:57:09.318854,19644148217,3,25.67
1,2025-07-21 13:57:09.522233,19644148217,3,22.91
1,2025-07-21 13:57:09.725591,19644148217,3,9.78
1,2025-07-21 13:57:09.929513,19644148217,3,5.71
1,2025-07-21 13:57:10.133087,19644148217,3,6.8
1,2025-07-21 13:57:10.336330,19644148217,3,-0.0
1,2025-07-21 13:57:10.539734,19644148217,3,-0.08
1,2025-07-21 13:57:10.743369,19644148217,3,-0.11
1,2025-07-21 13:57:10.946977,19644148217,3,-0.03
1,2025-07-21 13:58:20.183661,1111110252252,3,26.26
1,2025-07-21 13:58:20.386791,1111110252252,3,25.44
1,2025-07-21 13:58:20.590457,1111110252252,3,23.81
1,2025-07-21 13:58:20.793500,1111110252252,3,12.92
1,2025-07-21 13:58:20.997472,1111110252252,3,12.51
1,2025-07-21 13:58:21.201310,1111110252252,3,10.07
1,2025-07-21 13:58:21.405064,1111110252252,3,3.02
1,2025-07-21 13:58:21.608818,1111110252252,3,0.45
1,2025-07-21 13:58:21.812604,1111110252252,3,0.08
1,2025-07-21 13:58:22.016144,1111110252252,3,-0.01
1,2025-07-21 13:58:27.396325,1111110209209,3,26.21
1,2025-07-21 13:58:27.599698,1111110209209,3,25.83
1,2025-07-21 13:58:27.802973,1111110209209,3,24.16
1,2025-07-21 13:58:28.006740,1111110209209,3,11.92
1,2025-07-21 13:58:28.210925,1111110209209,3,12.28
1,2025-07-21 13:58:28.413876,1111110209209,3,13.11
1,2025-07-21 13:58:28.617064,1111110209209,3,7.92
1,2025-07-21 13:58:28.820122,1111110209209,3,2.0
1,2025-07-21 13:58:29.023915,1111110209209,3,-0.02
1,2025-07-21 13:58:29.227322,1111110209209,3,0.1
1,2025-07-21 13:59:39.982601,196471892,3,27.44
1,2025-07-21 13:59:40.185514,196471892,3,25.98
1,2025-07-21 13:59:40.388106,196471892,3,17.34
1,2025-07-21 13:59:40.591483,196471892,3,12.09
1,2025-07-21 13:59:40.795474,196471892,3,11.71
1,2025-07-21 13:59:40.999030,196471892,3,4.44
1,2025-07-21 13:59:41.202461,196471892,3,1.48
1,2025-07-21 13:59:41.406339,196471892,3,-0.39
1,2025-07-21 13:59:41.609639,196471892,3,-0.04
1,2025-07-21 13:59:41.813307,196471892,3,-0.05
1,2025-07-21 14:05:17.108462,1111110209209,3,26.17
1,2025-07-21 14:05:17.312416,1111110209209,3,25.02
1,2025-07-21 14:05:17.516478,1111110209209,3,25.03
1,2025-07-21 14:05:17.719241,1111110209209,3,18.67
1,2025-07-21 14:05:17.922886,1111110209209,3,10.04
1,2025-07-21 14:05:18.125580,1111110209209,3,12.31
1,2025-07-21 14:05:18.329288,1111110209209,3,7.73
1,2025-07-21 14:05:18.533278,1111110209209,3,3.61
1,2025-07-21 14:05:18.736584,1111110209209,3,-0.41
1,2025-07-21 14:05:18.940051,1111110209209,3,-0.03
1,2025-07-21 14:11:39.376219,19647186244,3,23.33
1,2025-07-21 14:11:39.579064,19647186244,3,25.95
1,2025-07-21 14:11:39.781931,19647186244,3,25.47
1,2025-07-21 14:11:39.985791,19647186244,3,27.61
1,2025-07-21 14:11:40.188793,19647186244,3,13.47
1,2025-07-21 14:11:40.391974,19647186244,3,9.18
1,2025-07-21 14:11:40.594562,19647186244,3,1.2
1,2025-07-21 14:11:40.800763,19647186244,3,14.74
1,2025-07-21 14:11:41.003650,19647186244,3,17.98
1,2025-07-21 14:11:41.206528,19647186244,3,17.6
1,2025-07-21 14:11:42.927382,1111111134135,3,23.24
1,2025-07-21 14:11:43.131276,1111111134135,3,27.29
1,2025-07-21 14:11:43.334565,1111111134135,3,26.98
1,2025-07-21 14:11:43.537438,1111111134135,3,27.22
1,2025-07-21 14:11:43.741239,1111111134135,3,27.1
1,2025-07-21 14:11:43.943923,1111111134135,3,27.37
1,2025-07-21 14:11:44.147451,1111111134135,3,27.54
1,2025-07-21 14:11:44.350671,1111111134135,3,27.92
1,2025-07-21 14:11:44.553689,1111111134135,3,27.05
1,2025-07-21 14:11:44.757878,1111111134135,3,27.79
1,2025-07-21 14:11:45.377851,1111111134135,3,26.85
1,2025-07-21 14:11:45.581279,1111111134135,3,26.95
1,2025-07-21 14:11:45.784774,1111111134135,3,20.84
1,2025-07-21 14:11:45.987783,1111111134135,3,13.15
1,2025-07-21 14:11:46.191358,1111111134135,3,13.54
1,2025-07-21 14:11:46.394157,1111111134135,3,10.0
1,2025-07-21 14:11:46.597771,1111111134135,3,3.1
1,2025-07-21 14:11:46.801059,1111111134135,3,0.86
1,2025-07-21 14:11:47.004642,1111111134135,3,0.03
1,2025-07-21 14:11:47.208001,1111111134135,3,-0.05
1,2025-07-21 14:16:04.368630,19644148217,3,17.17
1,2025-07-21 14:16:04.571838,19644148217,3,25.4
1,2025-07-21 14:16:04.775277,19644148217,3,25.83
1,2025-07-21 14:16:04.978728,19644148217,3,26.19
1,2025-07-21 14:16:05.182570,19644148217,3,25.89
1,2025-07-21 14:16:05.385780,19644148217,3,26.19
1,2025-07-21 14:16:05.589416,19644148217,3,25.98
1,2025-07-21 14:16:05.792528,19644148217,3,26.13
1,2025-07-21 14:16:05.995286,19644148217,3,26.39
1,2025-07-21 14:16:06.199278,19644148217,3,26.64
1,2025-07-21 14:18:28.398567,19644148217,3,18.14
1,2025-07-21 14:18:28.601465,19644148217,3,25.94
1,2025-07-21 14:18:28.804312,19644148217,3,26.18
1,2025-07-21 14:18:29.008254,19644148217,3,26.26
1,2025-07-21 14:18:29.211243,19644148217,3,27.02
1,2025-07-21 14:18:29.413902,19644148217,3,27.08
1,2025-07-21 14:18:29.616959,19644148217,3,26.44
1,2025-07-21 14:18:29.820866,19644148217,3,27.29
1,2025-07-21 14:18:30.024042,19644148217,3,27.21
1,2025-07-21 14:18:30.227772,19644148217,3,25.44
1,2025-07-21 14:19:36.708598,19647186244,3,25.56
1,2025-07-21 14:19:36.911279,19647186244,3,14.15
1,2025-07-21 14:19:37.114575,19647186244,3,12.37
1,2025-07-21 14:19:37.318035,19647186244,3,6.26
1,2025-07-21 14:19:37.522261,19647186244,3,0.82
1,2025-07-21 14:19:37.725668,19647186244,3,-0.11
1,2025-07-21 14:19:37.928637,19647186244,3,0.09
1,2025-07-21 14:19:38.132199,19647186244,3,0.04
1,2025-07-21 14:19:38.335462,19647186244,3,0.05
1,2025-07-21 14:19:38.539299,19647186244,3,0.03
1,2025-07-21 14:19:57.376159,19644148217,3,25.69
1,2025-07-21 14:19:57.578674,19644148217,3,16.91
1,2025-07-21 14:19:57.782664,19644148217,3,17.49
1,2025-07-21 14:19:57.986350,19644148217,3,24.9
1,2025-07-21 14:19:58.189432,19644148217,3,26.05
1,2025-07-21 14:19:58.392276,19644148217,3,26.95
1,2025-07-21 14:19:58.596567,19644148217,3,10.26
1,2025-07-21 14:19:58.800259,19644148217,3,6.31
1,2025-07-21 14:19:59.004294,19644148217,3,6.82
1,2025-07-21 14:19:59.207723,19644148217,3,-0.05
1,2025-07-21 14:21:10.441277,19644148217,3,25.39
1,2025-07-21 14:21:10.645505,19644148217,3,25.94
1,2025-07-21 14:21:10.848475,19644148217,3,25.67
1,2025-07-21 14:21:11.051399,19644148217,3,14.33
1,2025-07-21 14:21:11.255163,19644148217,3,10.08
1,2025-07-21 14:21:11.458190,19644148217,3,5.28
1,2025-07-21 14:21:11.660943,19644148217,3,1.85
1,2025-07-21 14:21:11.863840,19644148217,3,-0.03
1,2025-07-21 14:21:12.067113,19644148217,3,0.03
1,2025-07-21 14:21:12.270067,19644148217,3,-0.05
1,2025-07-21 14:21:57.514266,1111110252252,3,25.45
1,2025-07-21 14:21:57.717903,1111110252252,3,26.52
1,2025-07-21 14:21:57.920882,1111110252252,3,26.59
1,2025-07-21 14:21:58.123882,1111110252252,3,26.28
1,2025-07-21 14:21:58.326809,1111110252252,3,26.42
1,2025-07-21 14:21:58.530540,1111110252252,3,26.39
1,2025-07-21 14:21:58.733762,1111110252252,3,26.54
1,2025-07-21 14:21:58.938190,1111110252252,3,27.15
1,2025-07-21 14:21:59.141173,1111110252252,3,26.28
1,2025-07-21 14:21:59.347684,1111110252252,3,25.47
1,2025-07-21 14:22:07.326836,1111111151150,3,20.79
1,2025-07-21 14:22:07.530582,1111111151150,3,24.27
1,2025-07-21 14:22:07.733461,1111111151150,3,28.03
1,2025-07-21 14:22:07.937470,1111111151150,3,27.6
1,2025-07-21 14:22:08.141431,1111111151150,3,27.04
1,2025-07-21 14:22:08.344274,1111111151150,3,28.02
1,2025-07-21 14:22:08.547618,1111111151150,3,27.65
1,2025-07-21 14:22:08.750717,1111111151150,3,27.55
1,2025-07-21 14:22:08.954288,1111111151150,3,26.41
1,2025-07-21 14:22:09.158653,1111111151150,3,29.28
1,2025-07-21 14:22:11.088078,19644148217,3,26.14
1,2025-07-21 14:22:11.291516,19644148217,3,18.47
1,2025-07-21 14:22:11.495110,19644148217,3,9.43
1,2025-07-21 14:22:11.698060,19644148217,3,8.72
1,2025-07-21 14:22:11.901736,19644148217,3,5.95
1,2025-07-21 14:22:12.105533,19644148217,3,-0.31
1,2025-07-21 14:22:12.309613,19644148217,3,-0.0
1,2025-07-21 14:22:12.513235,19644148217,3,-0.03
1,2025-07-21 14:22:12.717328,19644148217,3,-0.06
1,2025-07-21 14:22:12.921042,19644148217,3,-0.05
1,2025-07-21 14:28:32.027977,19644148217,3,25.88
1,2025-07-21 14:28:32.231143,19644148217,3,25.59
1,2025-07-21 14:28:32.434946,19644148217,3,23.23
1,2025-07-21 14:28:32.638712,19644148217,3,10.72
1,2025-07-21 14:28:32.841527,19644148217,3,7.46
1,2025-07-21 14:28:33.045427,19644148217,3,4.32
1,2025-07-21 14:28:33.248404,19644148217,3,-0.13
1,2025-07-21 14:28:33.451534,19644148217,3,0.02
1,2025-07-21 14:28:33.655673,19644148217,3,-0.09
1,2025-07-21 14:28:33.858590,19644148217,3,-0.05
1,2025-07-21 14:30:04.703887,19644148217,3,26.4
1,2025-07-21 14:30:04.906752,19644148217,3,26.98
1,2025-07-21 14:30:05.109963,19644148217,3,11.0
1,2025-07-21 14:30:05.313846,19644148217,3,5.2
1,2025-07-21 14:30:05.517699,19644148217,3,5.52
1,2025-07-21 14:30:05.721015,19644148217,3,0.01
1,2025-07-21 14:30:05.924449,19644148217,3,-0.08
1,2025-07-21 14:30:06.127430,19644148217,3,-0.05
1,2025-07-21 14:30:06.331367,19644148217,3,0.01
1,2025-07-21 14:30:06.534968,19644148217,3,-0.07
1,2025-07-21 14:30:37.052680,1111111134135,3,26.27
1,2025-07-21 14:30:37.256492,1111111134135,3,26.63
1,2025-07-21 14:30:37.461187,1111111134135,3,27.11
1,2025-07-21 14:30:37.665514,1111111134135,3,16.03
1,2025-07-21 14:30:37.869064,1111111134135,3,16.26
1,2025-07-21 14:30:38.072671,1111111134135,3,12.1
1,2025-07-21 14:30:38.276509,1111111134135,3,6.27
1,2025-07-21 14:30:38.479668,1111111134135,3,4.41
1,2025-07-21 14:30:38.682712,1111111134135,3,-0.21
1,2025-07-21 14:30:38.885725,1111111134135,3,0.04
1,2025-07-21 14:31:35.068922,1111110252252,3,26.27
1,2025-07-21 14:31:35.272991,1111110252252,3,25.52
1,2025-07-21 14:31:35.476312,1111110252252,3,23.95
1,2025-07-21 14:31:35.680497,1111110252252,3,20.32
1,2025-07-21 14:31:35.883872,1111110252252,3,13.2
1,2025-07-21 14:31:36.087375,1111110252252,3,14.1
1,2025-07-21 14:31:36.290212,1111110252252,3,10.78
1,2025-07-21 14:31:36.493922,1111110252252,3,10.59
1,2025-07-21 14:31:36.697699,1111110252252,3,2.29
1,2025-07-21 14:31:36.901783,1111110252252,3,-0.85
1,2025-07-21 14:32:25.368752,19644148217,3,25.92
1,2025-07-21 14:32:25.571573,19644148217,3,26.07
1,2025-07-21 14:32:25.774276,19644148217,3,8.51
1,2025-07-21 14:32:25.977523,19644148217,3,5.28
1,2025-07-21 14:32:26.180712,19644148217,3,0.38
1,2025-07-21 14:32:26.383821,19644148217,3,-0.19
1,2025-07-21 14:32:26.586638,19644148217,3,-0.01
1,2025-07-21 14:32:26.790291,19644148217,3,-0.07
1,2025-07-21 14:32:26.996414,19644148217,3,-0.0
1,2025-07-21 14:32:27.200285,19644148217,3,-0.04
